CustomerID,InvoiceDate,InvoiceNo,Monetary
12346.0,326,2,0.0
12347.0,2,182,4310.0
12348.0,75,31,1797.24
12349.0,19,73,1757.55
12350.0,310,17,334.4
12352.0,36,95,1545.41
12353.0,204,4,89.0
12354.0,232,58,1079.4
12355.0,214,13,459.4
12356.0,23,59,2811.43
12357.0,33,131,6207.67
12358.0,2,19,1168.06
12359.0,8,254,6245.53
12360.0,52,129,2662.06
12361.0,287,10,189.9
12362.0,3,274,5154.58
12363.0,110,23,552.0
12364.0,8,85,1313.1
12365.0,291,23,320.69
12367.0,4,11,168.9
12370.0,51,167,3545.69
12371.0,45,63,1887.96
12372.0,72,52,1298.04
12373.0,311,14,364.6
12374.0,25,33,742.9300000000001
12375.0,3,18,455.42
12377.0,315,77,1628.12
12378.0,130,219,4008.62
12379.0,82,41,850.29
12380.0,22,105,2720.56
12381.0,5,91,1803.96
12383.0,185,100,1839.31
12384.0,29,30,566.16
12386.0,338,10,401.9
12388.0,16,100,2780.66
12390.0,80,32,549.84
12391.0,22,100,460.89
12393.0,72,64,1582.6000000000001
12394.0,64,27,1272.48
12395.0,16,159,2998.28
12397.0,36,126,2409.9
12398.0,46,85,1635.6599999999999
12399.0,119,59,1108.65
12401.0,303,5,84.3
12402.0,323,11,225.6
12403.0,50,6,409.7
12405.0,149,54,1710.39
12406.0,22,108,3280.75
12407.0,50,77,1708.1200000000001
12408.0,33,113,2842.57
12409.0,79,114,11056.93
12410.0,301,28,681.0799999999999
12412.0,75,61,1226.88
12413.0,67,40,694.15
12414.0,217,18,562.41
12415.0,24,778,123725.45
12417.0,3,198,3578.8
12418.0,113,34,668.58
12420.0,64,29,600.39
12421.0,16,46,806.27
12422.0,96,39,803.5600000000001
12423.0,1,126,1849.11
12424.0,163,30,1760.96
12425.0,78,36,777.2
12426.0,195,30,582.73
12427.0,12,35,708.37
12428.0,26,300,7877.2
12429.0,9,97,3750.4
12430.0,43,11,256.4
12431.0,36,240,6416.39
12432.0,43,108,5059.32
12433.0,1,420,13375.87
12434.0,85,54,765.19
12435.0,80,36,7829.89
12436.0,100,16,509.01
12437.0,2,201,4896.66
12438.0,14,98,2906.85
12441.0,367,11,173.55
12442.0,3,12,172.06
12444.0,21,177,5005.46
12445.0,22,4,133.4
12446.0,58,58,1002.3100000000001
12447.0,243,26,476.49
12448.0,44,22,449.45
12449.0,22,191,4067.29
12450.0,156,8,197.88
12451.0,11,355,8933.52
12452.0,17,23,428.57
12453.0,134,43,707.09
12454.0,53,30,5.684341886080802e-14
12455.0,73,90,2466.86
12456.0,44,129,3153.89
12457.0,58,68,1917.78
12458.0,71,38,947.4
12461.0,94,35,826.88
12462.0,2,72,1124.01
12463.0,46,88,1303.63
12464.0,10,29,1212.05
12465.0,8,51,733.89
12468.0,143,40,724.0400000000001
12471.0,2,531,18740.92
12472.0,31,391,6229.48
12473.0,29,179,2848.23
12474.0,17,457,7116.47
12475.0,54,36,723.38
12476.0,1,264,6546.58
12477.0,23,308,13117.01
12478.0,4,36,680.99
12479.0,4,35,477.3
12480.0,28,154,3281.63
12481.0,23,218,5590.86
12483.0,17,81,2327.13
12484.0,33,350,4495.27
12488.0,10,55,1298.66
12489.0,336,15,334.93
12490.0,5,245,5417.93
12491.0,39,26,460.40000000000003
12492.0,63,20,263.21000000000004
12493.0,166,23,416.79
12494.0,10,84,1139.3500000000001
12497.0,82,14,1043.1
12498.0,21,23,403.70000000000005
12500.0,23,65,4206.27
12501.0,315,160,2089.68
12502.0,96,147,3723.87
12503.0,338,1,-1126.0
12504.0,18,15,114.0
12505.0,301,1,-4.5
12506.0,233,23,73.5
12507.0,134,23,1258.06
12508.0,26,69,398.27
12509.0,284,7,176.5
12510.0,143,33,982.5699999999999
12512.0,66,34,138.03
12513.0,85,36,586.79
12514.0,267,51,1017.68
12515.0,353,16,383.7
12516.0,78,26,1312.06
12517.0,28,286,2464.89
12518.0,1,124,2056.89
12519.0,64,18,340.84
12520.0,79,155,2582.51
12521.0,143,38,599.68
12522.0,39,12,192.72
12523.0,2,110,1745.57
12524.0,9,144,4485.72
12526.0,1,71,1316.66
12527.0,82,18,348.71000000000004
12528.0,9,95,1922.28
12530.0,60,68,1623.63
12531.0,15,17,125.22
12532.0,30,16,349.83000000000004
12534.0,131,63,1089.18
12535.0,92,34,716.35
12536.0,8,273,4106.82
12538.0,29,21,363.95
12539.0,22,274,3852.5
12540.0,20,481,13309.039999999999
12541.0,30,52,981.18
12544.0,30,20,355.7
12545.0,75,50,1000.39
12546.0,47,70,1141.5
12547.0,198,8,207.79999999999998
12548.0,166,5,95.19999999999999
12550.0,79,57,964.83
12551.0,358,10,168.0
12552.0,39,20,437.82
12553.0,8,196,3652.25
12556.0,50,121,603.71
12557.0,16,33,11990.960000000001
12558.0,2,22,1.0658141036401503e-14
12559.0,311,22,536.21
12560.0,5,111,2101.39
12561.0,303,16,238.85
12562.0,8,168,3781.7400000000002
12564.0,261,21,456.9
12565.0,282,10,131.17
12566.0,73,20,346.7
12567.0,23,463,9114.94
12569.0,2,191,4064.9900000000002
12571.0,40,34,519.61
12572.0,9,62,1004.72
12573.0,227,28,160.54000000000002
12574.0,316,11,218.45
12576.0,36,89,1306.98
12577.0,35,148,595.4
12578.0,21,120,2753.36
12579.0,73,31,410.72
12580.0,247,24,415.7
12581.0,40,15,197.71
12582.0,239,22,511.36
12583.0,3,251,7187.34
12584.0,4,126,1893.95
12585.0,234,97,1982.81
12586.0,17,12,179.94000000000003
12587.0,8,4,144.0
12588.0,39,10,214.89999999999998
12589.0,29,35,646.68
12590.0,190,70,9861.38
12591.0,317,26,452.84999999999997
12592.0,92,18,437.6
12593.0,109,21,418.09999999999997
12594.0,38,119,3320.2200000000003
12596.0,51,27,618.27
12597.0,19,214,3683.13
12598.0,10,133,3002.68
12599.0,29,62,1032.58
12600.0,29,65,2581.04
12601.0,190,29,569.5600000000001
12602.0,59,12,153.12
12603.0,22,3,739.1999999999999
12604.0,79,16,254.18
12605.0,365,3,-7.5
12607.0,58,202,3.552713678800501e-15
12609.0,78,60,1126.85
12610.0,23,111,2057.99
12611.0,52,65,1193.32
12612.0,58,21,643.59
12613.0,31,163,3218.98
12614.0,278,20,315.6
12615.0,2,105,2291.19
12616.0,85,36,657.25
12617.0,29,42,355.53
12618.0,22,11,177.31
12619.0,16,95,3214.81
12620.0,15,92,1339.41
12621.0,2,474,13612.07
12622.0,232,11,180.1
12623.0,276,18,305.1
12624.0,106,38,641.13
12625.0,212,91,2614.32
12626.0,23,307,6388.35
12627.0,11,230,4478.53
12628.0,4,43,769.61
12630.0,10,64,1270.88
12631.0,57,31,640.5
12633.0,59,103,2140.63
12635.0,90,101,1689.18
12637.0,67,394,5953.25
12638.0,33,39,671.69
12639.0,239,22,486.1
12640.0,24,53,1174.58
12641.0,115,10,185.9
12642.0,25,47,1013.26
12643.0,128,24,3344.64
12644.0,130,31,477.91
12645.0,34,74,1755.38
12646.0,5,45,1346.97
12647.0,22,128,3669.92
12648.0,155,21,318.05
12649.0,107,33,603.71
12650.0,3,20,314.44
12651.0,335,9,114.0
12652.0,322,51,914.53
12653.0,149,43,2209.85
12654.0,11,38,601.98
12656.0,17,130,3982.72
12657.0,11,56,1152.06
12658.0,19,36,686.05
12659.0,30,5,91.68
12660.0,11,13,245.1
12662.0,1,232,3817.08
12664.0,8,38,4863.88
12665.0,325,4,61.75
12666.0,359,2,-227.44
12667.0,58,33,620.13
12668.0,7,168,3743.18
12669.0,151,102,1607.73
12670.0,10,94,2986.15
12672.0,330,10,225.89999999999998
12673.0,5,42,610.52
12674.0,12,91,1919.31
12676.0,25,45,1331.39
12678.0,42,167,17588.26
12679.0,52,56,1058.67
12680.0,1,52,862.81
12681.0,15,646,13677.59
12682.0,4,525,12288.22
12683.0,4,362,8221.09
12684.0,8,105,2283.63
12685.0,28,157,2863.08
12686.0,372,7,89.14
12688.0,114,171,4873.8099999999995
12689.0,26,72,1247.61
12690.0,206,16,389.01
12691.0,28,32,1035.8
12693.0,121,41,830.96
12694.0,70,37,869.67
12695.0,7,27,582.1
12697.0,21,43,939.02
12700.0,8,270,4867.99
12701.0,80,53,797.71
12702.0,20,12,219.0
12703.0,64,22,274.7
12704.0,7,90,2220.84
12705.0,15,348,6814.24
12707.0,292,33,603.42
12708.0,30,174,2616.32
12709.0,3,257,9294.1
12710.0,97,79,1130.57
12712.0,23,142,4241.63
12713.0,1,38,848.55
12714.0,9,259,4708.86
12715.0,106,21,353.86
12716.0,4,69,1053.49
12717.0,151,56,980.98
12718.0,71,19,238.25
12719.0,5,42,608.1
12720.0,3,359,5713.28
12721.0,32,164,2628.98
12722.0,85,57,904.33
12723.0,4,69,725.07
12724.0,5,53,1031.41
12725.0,371,24,427.8
12726.0,28,124,2609.1
12727.0,11,141,3947.7
12728.0,71,46,836.33
12729.0,114,26,453.01
12731.0,24,277,18793.41
12732.0,180,12,236.26000000000002
12733.0,234,22,383.95
12734.0,353,4,110.39999999999999
12735.0,315,43,779.5699999999999
12736.0,333,4,234.0
12738.0,372,11,155.35
12739.0,78,38,1013.04
12740.0,64,27,427.6
12743.0,134,134,546.43
12744.0,52,229,9120.39
12747.0,2,103,4196.01
12748.0,1,4642,29072.1
12749.0,4,231,3868.2
12750.0,129,15,275.88
12752.0,81,53,4366.78
12753.0,4,230,21024.01
12754.0,236,65,2949.12
12755.0,250,6,2203.2
12756.0,87,4,112.07999999999998
12757.0,16,377,4227.7
12758.0,117,97,2791.59
12759.0,52,95,1531.44
12762.0,8,69,1898.52
12763.0,138,18,494.08
12764.0,317,45,1693.88
12766.0,4,310,6989.63
12769.0,239,32,1143.6
12770.0,211,12,1351.45
12772.0,60,55,892.47
12775.0,17,67,1351.24
12778.0,20,51,804.23
12779.0,21,159,3868.7
12781.0,21,30,707.72
12782.0,5,107,2273.32
12783.0,2,86,1603.87
12784.0,9,59,574.42
12785.0,3,15,305.71
12787.0,10,20,463.66
12789.0,65,4,91.85
12790.0,192,21,324.92
12791.0,374,2,192.60000000000002
12792.0,257,25,400.53999999999996
12793.0,335,24,545.48
12794.0,53,45,860.41
12795.0,19,14,430.48
12797.0,360,17,194.18
12798.0,10,8,6977.04
12802.0,184,26,412.58
12808.0,37,28,483.65000000000003
12809.0,168,26,484.36
12811.0,261,31,514.85
12812.0,45,15,229.64000000000001
12814.0,102,2,125.92
12815.0,148,47,1063.46
12816.0,96,29,572.2
12817.0,281,4,166.04
12818.0,178,16,1517.88
12820.0,3,59,942.34
12821.0,214,6,92.72
12822.0,71,47,918.98
12823.0,75,5,1759.5
12824.0,60,25,397.12
12826.0,3,94,1468.1200000000001
12827.0,6,25,430.15000000000003
12828.0,3,56,1018.71
12829.0,322,12,253.05
12830.0,38,39,6748.4
12831.0,262,9,215.05
12832.0,32,27,383.03
12833.0,145,24,417.38
12834.0,283,18,312.38
12836.0,59,175,2612.86
12837.0,173,12,134.1
12838.0,34,123,683.13
12839.0,3,316,5583.62
12840.0,144,116,2714.27
12841.0,5,439,3876.4
12842.0,70,34,1118.99
12843.0,66,108,1680.76
12844.0,29,52,325.96000000000004
12845.0,267,27,354.09
12847.0,22,91,871.54
12849.0,31,51,1050.8899999999999
12851.0,97,50,135.18
12852.0,290,20,299.75
12853.0,108,84,1881.7
12854.0,79,115,1289.15
12855.0,373,3,38.1
12856.0,8,317,2162.68
12857.0,211,46,1106.4
12863.0,52,6,504.2
12864.0,138,3,147.12
12865.0,26,96,1548.07
12866.0,283,26,559.12
12867.0,26,551,3986.22
12868.0,186,107,1607.0600000000002
12870.0,366,2,-14.899999999999999
12871.0,84,11,380.64
12872.0,327,66,599.97
12873.0,282,4,374.0
12875.0,143,2,343.2300000000001
12876.0,58,85,2218.02
12877.0,4,154,1535.77
12878.0,18,49,841.64
12879.0,45,12,552.5699999999999
12881.0,276,7,298.0
12882.0,9,13,1463.04
12883.0,25,42,703.47
12884.0,88,7,309.05
12885.0,63,72,1158.27
12886.0,68,86,1351.09
12888.0,214,7,313.77
12890.0,24,82,380.46999999999997
12891.0,186,3,331.0
12893.0,31,34,188.14
12895.0,42,24,347.3
12897.0,205,4,216.5
12901.0,9,125,16293.1
12902.0,265,10,138.68
12904.0,18,72,509.58
12906.0,12,63,2919.81
12908.0,59,4,246.0
12909.0,40,96,2128.83
12910.0,23,75,3075.04
12912.0,3,24,1662.3
12913.0,5,50,2483.63
12915.0,149,22,363.65
12916.0,139,109,2982.35
12917.0,128,2,594.0
12919.0,8,52,1301.44
12920.0,17,28,164.23
12921.0,4,741,16389.74
12922.0,161,28,405.38
12923.0,64,29,176.97
12924.0,88,31,929.95
12925.0,5,45,694.05
12928.0,35,84,2062.7000000000003
12929.0,122,9,105.1
12930.0,78,27,409.9
12931.0,22,102,33462.81
12933.0,24,107,606.28
12935.0,2,130,2156.45
12936.0,17,63,1012.9
12937.0,15,120,1504.27
12938.0,26,9,114.14
12939.0,64,47,11581.8
12940.0,46,103,876.29
12942.0,131,75,683.9
12943.0,301,1,-3.75
12944.0,36,30,604.51
12945.0,288,23,462.95
12947.0,144,103,1407.29
12948.0,16,118,2053.7
12949.0,31,219,4143.02
12950.0,2,23,1843.0
12951.0,9,65,1042.07
12952.0,6,80,1382.8400000000001
12953.0,10,17,329.85
12955.0,1,183,4734.26
12956.0,306,19,108.07
12957.0,4,244,3979.04
12962.0,7,16,266.39
12963.0,8,96,1841.03
12965.0,89,109,771.91
12966.0,10,10,160.18
12967.0,3,33,1194.75
12968.0,112,5,135.95
12970.0,7,151,452.24
12971.0,4,308,10930.26
12974.0,198,8,144.8
12976.0,212,22,738.6
12977.0,156,9,39.239999999999995
12980.0,156,24,7092.06
12981.0,30,20,372.21999999999997
12982.0,240,34,377.2
12984.0,19,4,97.5
12985.0,1,78,1215.6200000000001
12987.0,74,30,545.0
12988.0,292,92,535.32
12989.0,3,68,6854.51
12990.0,31,13,409.5
12991.0,23,31,503.76
12993.0,23,27,414.76
12994.0,4,73,902.22
12995.0,78,5,200.72
12997.0,22,67,1197.94
12999.0,196,28,455.88
13000.0,107,31,534.85
13001.0,4,342,9797.92
13002.0,318,7,120.94999999999999
13003.0,106,6,149.05
13004.0,12,409,5613.43
13005.0,174,29,468.95
13006.0,56,4,81.57
13008.0,323,15,178.46999999999997
13011.0,372,3,50.550000000000004
13012.0,9,107,1311.6200000000001
13013.0,1,222,4786.99
13014.0,3,124,3365.43
13015.0,53,176,3346.28
13016.0,73,47,789.89
13017.0,7,1,204.0
13018.0,16,459,7272.75
13021.0,4,134,2584.4
13023.0,64,40,689.9
13026.0,1,43,936.15
13027.0,114,26,6912.0
13028.0,23,47,659.68
13029.0,31,10,1247.5
13030.0,11,99,799.48
13032.0,39,75,996.52
13033.0,357,11,190.55
13034.0,55,37,642.77
13035.0,58,30,886.63
13037.0,138,48,881.07
13038.0,80,28,908.46
13040.0,9,43,676.99
13043.0,254,14,471.57
13044.0,291,33,560.47
13045.0,99,18,305.28000000000003
13046.0,31,35,629.31
13047.0,32,196,3079.1
13048.0,14,137,1805.91
13049.0,64,14,656.6800000000001
13050.0,9,422,5684.61
13052.0,212,18,348.15000000000003
13055.0,64,78,1201.96
13058.0,25,8,271.40000000000003
13059.0,250,8,183.4
13060.0,254,15,307.53
13061.0,72,10,248.61
13062.0,191,11,346.98
13064.0,13,69,1119.49
13065.0,373,14,205.86
13066.0,24,49,430.9
13067.0,82,15,115.46000000000001
13068.0,10,2,344.0
13069.0,1,470,3717.82
13070.0,192,9,228.8
13072.0,267,7,177.15
13075.0,130,22,919.61
13077.0,1,112,729.27
13078.0,1,380,12432.28
13079.0,4,6,220.10000000000002
13080.0,179,6,58.08
13081.0,1,1061,27964.48
13082.0,126,75,3595.48
13083.0,4,18,303.75
13085.0,158,29,272.38
13089.0,3,1857,57385.88
13090.0,9,161,8689.39
13091.0,21,24,319.82
13092.0,71,26,459.83
13093.0,267,170,7741.47
13094.0,21,30,1708.8600000000001
13095.0,71,6,74.39999999999999
13097.0,33,437,5893.32
13098.0,1,605,28658.88
13099.0,99,1,207.35999999999999
13101.0,234,8,101.19
13102.0,1,310,6336.29
13103.0,40,8,243.94
13104.0,3,20,1098.48
13106.0,129,2,59.5
13107.0,44,60,1524.07
13108.0,373,10,350.06
13109.0,3,50,766.84
13110.0,31,146,1452.8700000000001
13113.0,1,280,10510.0
13115.0,9,132,2205.63
13116.0,117,31,485.19
13117.0,22,76,984.91
13118.0,20,82,1125.0
13120.0,239,1,30.599999999999998
13121.0,269,53,254.73
13122.0,94,55,922.39
13124.0,90,235,3866.33
13126.0,5,142,2056.29
13127.0,78,15,259.17
13130.0,94,2,64.0
13131.0,23,46,1039.3
13132.0,262,3,77.3
13133.0,274,7,109.8
13134.0,73,105,1740.63
13135.0,197,1,3096.0
13136.0,50,139,2545.38
13137.0,11,705,3605.08
13138.0,22,63,962.39
13139.0,16,174,5055.79
13140.0,108,46,423.72
13141.0,85,136,2385.8
13142.0,19,23,307.09
13144.0,333,3,110.95
13145.0,40,7,614.77
13146.0,26,17,228.91
13147.0,10,4,712.8000000000001
13148.0,29,347,3348.48
13149.0,14,86,1676.06
13151.0,203,75,1250.3700000000001
13153.0,6,15,486.22
13154.0,144,1,-611.86
13155.0,33,85,971.76
13157.0,49,89,1721.57
13158.0,95,79,1201.06
13159.0,9,122,1379.75
13160.0,22,4,91.8
13161.0,313,8,112.75
13162.0,122,82,1644.99
13165.0,46,42,1021.48
13166.0,282,42,414.7
13167.0,19,65,791.33
13168.0,36,133,1310.14
13169.0,64,13,712.88
13170.0,27,32,116.00999999999999
13171.0,8,48,426.81
13173.0,4,43,353.65
13174.0,16,314,2817.03
13176.0,46,72,492.84
13177.0,65,17,282.45
13178.0,26,265,5725.47
13182.0,45,11,121.18
13183.0,8,94,3957.78
13184.0,15,183,1648.79
13185.0,268,1,71.4
13186.0,40,84,1539.69
13187.0,337,37,236.02
13188.0,11,2,114.60000000000001
13189.0,19,29,260.68
13192.0,95,63,911.94
13193.0,61,29,117.88
13194.0,136,3,60.7
13196.0,11,110,1797.78
13198.0,10,229,3384.09
13199.0,4,120,9803.96
13200.0,19,46,870.09
13203.0,10,57,869.46
13207.0,15,8,250.26000000000002
13208.0,59,150,1205.9
13209.0,30,329,5820.16
13210.0,94,22,353.48
13211.0,10,56,1197.42
13212.0,9,143,780.58
13213.0,57,92,1518.43
13216.0,268,5,333.74
13217.0,122,7,133.62
13218.0,127,5,62.63999999999999
13220.0,78,21,819.2900000000001
13221.0,240,66,847.41
13223.0,200,5,163.20000000000002
13224.0,60,109,2150.85
13225.0,3,34,6083.04
13226.0,273,16,108.21000000000001
13227.0,202,9,257.7
13228.0,81,2,358.0
13229.0,226,10,160.95
13230.0,4,612,2763.41
13232.0,13,207,1357.6
13233.0,74,43,605.12
13235.0,212,59,101.17000000000007
13236.0,25,39,727.27
13238.0,11,32,680.83
13239.0,262,22,329.56
13240.0,96,67,663.65
13242.0,112,13,270.40000000000003
13243.0,203,58,600.07
13244.0,93,27,121.74000000000001
13245.0,51,16,430.5
13246.0,18,143,1922.1
13247.0,18,25,501.12
13248.0,125,26,465.68
13249.0,92,23,711.41
13253.0,157,36,1030.4
13255.0,4,14,390.66
13256.0,14,1,0.0
13258.0,12,38,698.58
13259.0,62,87,292.32
13260.0,61,8,557.62
13261.0,269,9,944.1
13262.0,263,11,200.29
13263.0,1,1677,7454.07
13265.0,53,91,2107.66
13266.0,11,202,3717.67
13267.0,3,224,4404.44
13268.0,18,447,3167.64
13269.0,1,320,5315.92
13270.0,366,1,590.0
13271.0,37,101,178.26
13272.0,31,15,276.56
13273.0,113,16,138.98
13276.0,64,30,590.9300000000001
13277.0,16,8,258.4
13278.0,41,46,542.73
13279.0,64,11,126.30000000000001
13280.0,122,85,814.86
13282.0,18,40,1047.8400000000001
13283.0,60,7,93.66
13284.0,323,14,196.15
13285.0,23,187,2709.12
13291.0,156,42,361.11
13292.0,39,31,578.9399999999999
13294.0,190,54,873.74
13295.0,360,11,197.95000000000002
13296.0,137,5,87.4
13297.0,8,59,2089.85
13298.0,1,2,360.0
13299.0,268,5,142.5
13300.0,165,22,365.29
13301.0,104,81,618.09
13302.0,155,1,63.75
13304.0,351,21,300.42
13305.0,4,81,2000.86
13307.0,120,1,15.0
13308.0,23,57,1367.6100000000001
13309.0,7,107,1456.79
13310.0,9,77,1083.63
13311.0,4,26,598.57
13313.0,22,78,1555.32
13314.0,2,75,578.66
13316.0,37,88,5815.49
13317.0,64,135,2140.07
13318.0,1,20,640.76
13319.0,5,500,10664.34
13320.0,70,110,1491.7
13321.0,72,11,567.36
13322.0,17,25,199.48000000000002
13323.0,3,21,787.85
13324.0,32,77,7072.8
13325.0,82,12,675.3
13327.0,39,109,3617.57
13328.0,316,17,1308.48
13329.0,32,19,740.4
13330.0,93,53,1140.93
13332.0,14,21,350.9
13334.0,82,268,3536.82
13336.0,77,51,795.12
13338.0,154,24,431.82
13339.0,201,54,860.12
13340.0,45,134,10736.48
13341.0,261,42,775.85
13343.0,173,22,303.93
13344.0,68,119,2543.72
13345.0,277,22,377.6
13347.0,70,8,341.36
13348.0,64,14,233.76
13349.0,11,16,247.32
13350.0,16,43,910.72
13351.0,66,16,373.94
13352.0,8,27,389.28
13354.0,71,51,743.53
13355.0,122,32,674.7
13356.0,80,42,768.24
13357.0,257,90,609.95
13358.0,269,29,439.03
13359.0,59,24,431.26
13362.0,3,169,3085.4900000000002
13363.0,18,60,992.5
13364.0,67,20,0.0
13365.0,9,132,2191.22
13366.0,50,1,56.160000000000004
13368.0,257,29,623.4
13369.0,354,19,263.75
13370.0,366,44,721.32
13372.0,90,23,378.64
13373.0,61,158,3312.25
13375.0,81,38,772.9
13376.0,99,53,1019.76
13379.0,26,97,572.56
13381.0,21,173,3626.81
13382.0,281,15,222.99
13384.0,31,155,4122.28
13385.0,330,35,534.57
13388.0,121,36,627.15
13389.0,11,51,797.96
13390.0,75,13,544.08
13391.0,204,1,59.8
13394.0,2,164,2312.8
13395.0,185,21,307.72
13396.0,22,47,1325.29
13397.0,73,39,1539.18
13398.0,192,26,457.34
13402.0,127,39,621.23
13403.0,18,3,75.0
13404.0,1,11,252.49
13405.0,74,27,572.451
13408.0,2,501,27487.41
13410.0,9,30,988.91
13411.0,107,18,213.55
13414.0,134,24,1390.5
13416.0,44,19,712.5
13417.0,5,28,640.83
13418.0,12,314,5845.44
13419.0,64,16,221.06
13420.0,135,10,140.35
13421.0,40,105,1848.98
13422.0,51,128,2601.55
13425.0,108,78,1624.21
13426.0,1,159,3550.7000000000003
13427.0,19,29,582.6
13428.0,10,74,218.47
13429.0,11,67,1006.8
13430.0,19,54,648.6899999999999
13431.0,67,46,1269.1
13434.0,74,10,534.24
13435.0,5,103,3794.4900000000002
13436.0,2,12,196.89
13437.0,14,167,3408.06
13439.0,255,54,283.71
13441.0,92,13,296.64
13447.0,23,62,1104.23
13448.0,17,199,3465.67
13449.0,24,19,291.88
13450.0,27,71,2043.7199999999998
13451.0,26,444,2916.45
13452.0,259,2,590.0
13453.0,166,17,356.97999999999996
13455.0,25,53,1007.35
13456.0,18,65,1737.8200000000002
13458.0,7,394,9537.92
13460.0,29,17,183.44
13461.0,39,27,1445.0
13462.0,183,10,143.25
13464.0,58,41,674.68
13466.0,100,18,297.95
13467.0,11,99,1083.71
13468.0,2,306,5656.75
13470.0,99,10,165.0
13471.0,1,260,2531.58
13473.0,61,22,417.54
13474.0,236,64,229.59
13475.0,191,86,1431.78
13476.0,179,61,1092.77
13477.0,38,81,1441.53
13479.0,198,16,291.0
13481.0,46,112,1776.81
13482.0,232,11,184.64
13483.0,66,10,140.34
13484.0,241,8,313.8
13485.0,233,23,454.24
13486.0,78,69,1122.41
13487.0,58,34,575.4
13488.0,17,427,8910.61
13489.0,105,14,449.52
13491.0,52,86,1215.82
13492.0,136,50,1269.84
13493.0,275,8,618.63
13494.0,312,18,316.26000000000005
13495.0,8,52,1990.1200000000001
13496.0,11,36,617.93
13497.0,283,20,321.05
13499.0,18,45,1146.96
13500.0,23,67,1136.77
13501.0,243,53,1310.47
13502.0,17,18,292.0
13503.0,71,17,216.85
13504.0,64,22,295.93
13505.0,68,227,4282.88
13506.0,312,29,452.82
13507.0,3,162,2479.16
13508.0,244,12,110.97
13509.0,9,44,979.72
13510.0,1,117,1785.16
13512.0,261,15,251.21
13513.0,127,10,205.1
13514.0,74,4,152.20000000000002
13515.0,73,59,891.12
13516.0,21,44,1389.41
13517.0,60,143,2109.07
13518.0,86,38,659.4399999999999
13519.0,50,9,110.80000000000001
13520.0,59,95,3487.75
13521.0,1,436,1093.65
13522.0,30,5,125.80000000000001
13523.0,33,177,3755.38
13524.0,41,27,680.1800000000001
13525.0,15,6,628.78
13527.0,34,224,2263.76
13529.0,79,15,307.76
13531.0,205,22,483.8
13532.0,34,66,210.31
13533.0,183,76,270.79
13534.0,2,342,5613.08
13536.0,1,179,3448.29
13538.0,43,25,1280.85
13539.0,86,38,605.84
13544.0,40,87,291.41
13546.0,12,98,626.99
13548.0,96,124,682.41
13549.0,26,52,916.12
13551.0,319,4,91.80000000000001
13552.0,66,121,3539.53
13555.0,74,136,4149.28
13557.0,28,34,584.06
13558.0,6,175,605.06
13560.0,7,33,174.37
13561.0,216,14,141.85999999999999
13562.0,82,82,1799.33
13563.0,84,49,777.53
13564.0,144,85,647.74
13565.0,19,38,240.22
13566.0,41,176,874.71
13568.0,173,44,192.85
13569.0,17,85,373.75
13570.0,243,27,239.49
13571.0,13,341,2092.32
13572.0,206,33,1384.25
13573.0,50,26,294.4
13575.0,23,46,732.0699999999999
13576.0,10,130,6703.3
13577.0,25,85,1658.3
13579.0,15,23,467.04
13581.0,309,10,118.0
13583.0,156,53,781.03
13584.0,307,24,142.4
13587.0,32,11,347.0
13588.0,16,180,2445.12
13589.0,15,21,379.65
13590.0,11,89,1976.12
13591.0,65,58,1117.13
13592.0,36,16,247.95999999999998
13593.0,108,129,1990.28
13594.0,53,26,396.97
13596.0,6,166,697.04
13598.0,47,41,167.42000000000002
13599.0,1,264,5030.6
13600.0,312,19,219.52
13601.0,45,99,693.32
13602.0,65,23,428.89
13603.0,26,27,164.34
13606.0,29,43,280.53999999999996
13607.0,40,98,678.01
13610.0,12,228,1115.43
13611.0,89,76,1158.2
13614.0,24,201,1610.46
13615.0,313,24,399.99
13617.0,40,44,544.18
13618.0,174,13,177.34
13621.0,117,19,213.85
13623.0,31,86,672.44
13626.0,253,19,257.23
13627.0,59,94,1624.02
13629.0,23,59,7792.36
13630.0,5,80,1995.68
13631.0,100,12,3021.77
13632.0,25,147,2117.02
13634.0,33,188,1575.16
13635.0,68,62,1071.03
13636.0,37,64,941.62
13637.0,52,101,810.5
13638.0,16,8,122.64
13639.0,74,40,1033.34
13642.0,216,66,354.8
13643.0,31,28,519.44
13644.0,9,148,2597.52
13645.0,120,5,252.1
13647.0,10,80,1670.22
13649.0,257,23,346.6
13650.0,17,98,1809.34
13651.0,35,6,94.2
13652.0,46,63,1095.08
13654.0,43,166,2707.33
13655.0,114,56,932.97
13656.0,165,49,379.65
13657.0,11,16,382.14
13658.0,10,112,2421.47
13659.0,197,108,1550.85
13662.0,86,58,879.08
13663.0,179,13,189.47
13666.0,60,12,84.65
13667.0,149,87,305.02
13668.0,3,501,6216.07
13669.0,51,9,218.55
13670.0,75,25,349.7
13672.0,301,16,-71.46
13673.0,19,65,396.92
13675.0,151,25,486.82000000000005
13678.0,152,16,232.6
13680.0,1,216,2202.31
13681.0,18,57,827.83
13682.0,187,3,59.5
13684.0,286,31,64.23
13685.0,3,39,3119.44
13686.0,183,8,72.0
13689.0,63,6,910.0
13690.0,59,9,172.25
13692.0,25,55,1466.8700000000001
13693.0,325,4,-32.0
13694.0,4,585,62653.1
13695.0,31,90,2504.13
13697.0,39,12,151.29999999999998
13699.0,155,14,308.58000000000004
13700.0,26,197,2265.12
13703.0,318,1,99.5
13704.0,5,135,2295.31
13705.0,8,28,711.86
13706.0,303,20,330.79
13707.0,267,48,806.41
13708.0,271,51,296.88
13709.0,4,346,6249.110000000001
13710.0,32,8,180.48
13711.0,219,13,252.06
13712.0,247,10,228.84
13715.0,281,108,1053.94
13716.0,269,21,138.28
13717.0,32,103,1432.26
13718.0,246,12,306.55
13719.0,15,60,1041.68
13720.0,117,43,799.9
13721.0,36,28,524.14
13722.0,120,86,2369.16
13723.0,217,6,199.85000000000002
13725.0,50,118,1809.81
13726.0,39,42,1079.6599999999999
13727.0,29,20,333.48
13728.0,37,63,1016.14
13730.0,136,43,752.6
13731.0,219,38,610.59
13732.0,28,33,491.86
13735.0,25,208,2766.18
13736.0,5,194,724.0
13737.0,200,30,339.59999999999997
13739.0,18,3,216.9
13740.0,241,23,350.75
13741.0,72,35,666.33
13742.0,17,323,3102.42
13743.0,3,42,1340.1499999999999
13744.0,95,72,1156.36
13745.0,151,26,291.54
13747.0,374,1,79.6
13748.0,96,28,948.25
13750.0,54,24,1647.26
13751.0,288,9,296.25
13752.0,124,76,1186.28
13753.0,288,35,741.26
13754.0,152,12,282.59999999999997
13755.0,4,343,2154.68
13756.0,2,143,5145.12
13758.0,12,117,3190.55
13759.0,33,25,659.4100000000001
13760.0,54,57,286.79
13761.0,50,70,1070.65
13762.0,204,14,3.552713678800501e-15
13763.0,63,17,1689.46
13764.0,71,208,1521.76
13767.0,2,399,16945.71
13769.0,2,143,2771.87
13771.0,64,120,2631.7
13772.0,34,177,1132.13
13774.0,82,22,345.0
13777.0,1,219,25748.350000000002
13778.0,103,9,178.7
13780.0,7,57,360.01
13781.0,251,17,127.84
13782.0,13,115,912.0
13784.0,10,31,2462.79
13786.0,367,7,230.39999999999998
13787.0,76,31,309.04
13790.0,4,45,348.8
13791.0,43,17,1047.68
13792.0,66,13,195.55
13798.0,1,439,36351.42
13799.0,117,39,688.86
13800.0,310,33,558.32
13801.0,67,23,324.8
13802.0,138,66,3906.27
13803.0,255,17,277.07
13804.0,31,137,2635.79
13805.0,52,13,924.6
13806.0,64,10,256.38
13807.0,367,7,112.6
13808.0,6,76,1747.66
13809.0,305,12,155.05
13810.0,29,36,899.51
13811.0,184,14,591.75
13812.0,42,36,539.0
13813.0,40,71,1353.41
13814.0,56,58,1562.12
13815.0,22,177,4014.91
13816.0,24,33,555.04
13817.0,29,24,382.98
13819.0,302,36,1140.35
13821.0,145,59,385.64
13822.0,6,96,632.0
13823.0,19,40,957.66
13824.0,33,46,1698.94
13826.0,158,12,174.65
13827.0,58,93,412.05
13828.0,22,15,209.49
13829.0,359,1,-102.0
13831.0,16,74,2202.99
13832.0,18,4,40.949999999999996
13833.0,159,29,384.8
13835.0,25,55,834.57
13837.0,212,19,271.24
13838.0,6,174,691.73
13841.0,253,1,85.0
13842.0,59,206,3385.62
13844.0,11,20,361.62
13845.0,65,9,312.98
13846.0,25,58,847.61
13848.0,92,5,1255.0
13849.0,52,101,1537.95
13850.0,88,94,1586.81
13851.0,96,81,2651.46
13853.0,9,24,1056.94
13854.0,9,114,8025.0199999999995
13856.0,169,17,363.4
13858.0,57,11,216.17
13859.0,326,28,201.16
13860.0,1,77,1240.0
13862.0,18,142,2187.31
13863.0,245,22,299.56
13865.0,58,30,501.56
13866.0,74,7,145.67000000000002
13867.0,31,61,1015.29
13868.0,7,33,3192.54
13869.0,123,307,3104.95
13870.0,2,118,2751.25
13871.0,23,338,6389.8
13873.0,120,24,381.7
13874.0,358,18,540.45
13875.0,54,104,1786.79
13876.0,64,7,122.7
13877.0,86,3,117.24
13878.0,55,36,1281.53
13880.0,21,165,3219.77
13881.0,4,180,16989.52
13882.0,3,66,1131.28
13883.0,1,155,2538.75
13884.0,7,60,781.3000000000001
13885.0,189,28,506.8
13886.0,71,16,243.56
13887.0,204,19,349.55
13888.0,120,40,605.63
13889.0,93,15,416.90000000000003
13890.0,1,114,1860.8600000000001
13892.0,27,27,632.97
13893.0,298,21,821.1
13894.0,22,30,535.97
13895.0,21,119,2588.12
13897.0,50,17,311.16
13898.0,326,12,155.93
13899.0,16,19,388.52
13900.0,183,43,740.95
13901.0,72,149,2867.2
13904.0,37,26,332.64
13908.0,80,126,2347.05
13911.0,57,148,2580.91
13914.0,4,34,613.95
13917.0,50,18,272.04
13918.0,50,30,1212.8400000000001
13919.0,53,33,350.15999999999997
13922.0,352,7,172.25
13923.0,54,20,351.13
13924.0,2,137,1682.08
13925.0,36,45,616.65
13926.0,23,11,223.85000000000002
13927.0,75,21,348.99
13928.0,11,27,464.57
13929.0,169,10,802.85
13930.0,58,17,337.34
13931.0,86,59,1230.93
13932.0,295,16,307.4
13933.0,109,23,608.7900000000001
13934.0,264,31,922.1
13936.0,171,27,361.28
13937.0,169,9,158.85
13938.0,35,7,71.66
13939.0,23,46,556.75
13940.0,17,49,839.14
13941.0,22,47,4912.41
13946.0,79,11,561.5699999999999
13947.0,65,5,90.6
13948.0,361,3,102.0
13949.0,3,160,2427.32
13950.0,11,36,728.56
13951.0,176,39,674.45
13952.0,211,138,3246.091
13953.0,7,20,3515.68
13954.0,2,30,378.59
13955.0,154,33,322.96
13956.0,5,152,1026.42
13958.0,372,5,-102.45
13959.0,79,92,598.2
13960.0,21,12,230.22
13962.0,22,11,169.55
13963.0,308,35,664.54
13967.0,146,2,80.7
13969.0,7,633,8986.69
13971.0,9,158,2702.2200000000003
13972.0,71,15,190.25
13973.0,287,11,264.7
13974.0,49,28,413.59000000000003
13975.0,31,340,2503.23
13976.0,207,10,357.98
13978.0,15,15,196.79000000000002
13979.0,73,54,869.87
13980.0,60,11,200.14
13982.0,39,115,1861.11
13983.0,30,112,2590.46
13984.0,27,17,488.03
13985.0,4,353,7024.53
13986.0,17,13,320.46
13988.0,20,239,4098.8
13989.0,66,41,1266.08
13990.0,213,16,311.3
13991.0,12,86,850.63
13992.0,30,5,76.8
13993.0,32,125,3409.66
13994.0,4,155,2313.14
13995.0,15,87,1383.49
13999.0,10,212,3865.26
14000.0,206,16,633.71
14001.0,46,40,2030.3300000000002
14002.0,134,47,529.73
14004.0,43,171,4582.64
14005.0,10,84,2874.72
14006.0,116,30,962.19
14009.0,198,44,685.9300000000001
14012.0,278,11,328.8
14013.0,110,34,473.02
14014.0,77,39,505.18
14015.0,53,20,917.34
14016.0,154,162,4328.46
14019.0,47,68,1398.96
14020.0,17,39,642.8
14021.0,155,22,631.9
14022.0,225,28,440.0
14023.0,7,31,584.07
14024.0,122,16,327.7
14027.0,61,6,104.82
14029.0,63,15,467.66
14030.0,18,243,2360.09
14031.0,7,258,14634.640000000001
14032.0,2,152,2929.84
14034.0,22,92,512.02
14035.0,29,66,1428.02
14036.0,285,38,626.65
14037.0,176,28,147.20000000000002
14038.0,78,93,1554.48
14039.0,33,6,152.2
14040.0,41,241,3542.19
14041.0,266,21,141.41
14044.0,27,209,652.82
14045.0,109,6,1659.75
14046.0,284,14,154.99
14047.0,9,34,1290.01
14048.0,277,88,375.13
14049.0,17,505,5639.15
14050.0,32,54,746.36
14051.0,1,215,15477.34
14052.0,20,56,225.36
14053.0,124,4,260.25
14054.0,65,6,92.46
14055.0,106,10,725.6400000000001
14056.0,1,1128,8124.4
14057.0,24,291,6147.4
14059.0,267,8,183.6
14060.0,5,203,6135.38
14062.0,10,111,10464.85
14064.0,29,82,1188.32
14066.0,267,7,152.55
14067.0,64,52,374.7
14068.0,320,24,265.85
14071.0,4,333,1307.41
14073.0,21,14,139.54
14075.0,5,43,942.26
14076.0,129,46,122.47
14077.0,41,42,499.41999999999996
14078.0,102,65,1049.37
14079.0,125,12,375.1
14080.0,33,4,45.599999999999994
14081.0,267,156,904.67
14082.0,365,29,182.25
14083.0,4,181,1018.43
14085.0,2,451,4435.79
14087.0,3,70,181.67
14088.0,10,590,50415.49
14089.0,57,14,161.0
14090.0,325,1,76.32000000000001
14092.0,8,217,4063.1
14093.0,12,105,442.85
14096.0,4,5128,57120.909999999996
14098.0,37,21,147.35
14099.0,16,252,3092.9700000000003
14100.0,138,26,194.9
14101.0,74,35,5976.79
14102.0,5,84,1314.73
14104.0,155,21,216.20999999999998
14105.0,85,76,1260.33
14107.0,52,124,2688.48
14108.0,31,35,594.16
14109.0,23,14,80.2
14110.0,4,157,5669.65
14111.0,14,11,688.6
14112.0,23,173,2774.17
14113.0,4,40,1377.92
14114.0,274,15,386.53
14116.0,20,72,1382.74
14117.0,144,3,90.0
14119.0,354,1,-19.9
14121.0,4,161,2740.3
14124.0,84,5,419.58000000000004
14125.0,11,167,2740.43
14126.0,8,16,643.6300000000001
14127.0,123,44,709.71
14128.0,61,46,637.5
14129.0,2,52,1123.8600000000001
14130.0,319,67,483.86
14132.0,2,201,3580.13
14133.0,130,30,590.3399999999999
14135.0,2,134,4690.31
14138.0,2,47,982.3800000000001
14139.0,46,26,415.82
14140.0,4,67,920.05
14141.0,3,46,879.0300000000001
14142.0,373,22,311.81
14143.0,134,7,115.8
14145.0,47,12,3148.2
14146.0,9,245,2949.57
14147.0,49,6,468.4
14148.0,234,3,157.2
14149.0,213,40,259.43
14150.0,36,26,658.64
14152.0,75,50,611.09
14154.0,239,52,1345.62
14155.0,266,6,118.75
14156.0,10,1420,113384.14
14157.0,20,49,400.43
14158.0,40,41,507.66
14159.0,20,1212,4678.3
14161.0,216,108,1110.52
14162.0,174,25,289.36
14163.0,87,52,2445.91
14164.0,71,29,1631.77
14165.0,276,25,122.53999999999999
14167.0,39,52,574.84
14171.0,98,58,363.79
14173.0,11,29,450.84
14174.0,33,26,134.46
14175.0,51,164,3108.06
14176.0,297,32,574.0
14177.0,85,43,554.46
14178.0,9,327,1620.93
14179.0,41,165,719.78
14180.0,11,248,4640.77
14184.0,67,24,452.89
14185.0,331,3,197.65
14188.0,9,71,2018.91
14189.0,2,277,4604.31
14191.0,2,263,4660.01
14193.0,68,42,853.39
14194.0,5,604,11216.75
14195.0,202,8,962.7
14196.0,107,6,335.52
14198.0,4,44,663.5
14199.0,218,2,185.39999999999998
14201.0,60,39,688.04
14204.0,2,44,161.03
14205.0,11,39,218.78
14206.0,239,21,308.26
14208.0,95,10,151.74
14209.0,11,88,2067.13
14210.0,91,103,1900.89
14211.0,53,118,2208.3
14212.0,90,9,1070.48
14213.0,372,5,-1192.2
14214.0,31,70,1000.23
14215.0,12,109,1777.92
14216.0,3,59,1839.3
14217.0,2,107,1925.3600000000001
14218.0,43,12,169.48000000000002
14219.0,4,7,89.94
14220.0,247,21,632.4
14221.0,42,194,3427.85
14222.0,177,41,683.17
14223.0,92,61,975.23
14224.0,110,118,1050.12
14226.0,29,73,2201.64
14227.0,26,183,3315.71
14229.0,52,43,1450.6
14231.0,179,54,822.0600000000001
14232.0,32,118,2043.93
14233.0,44,36,1447.51
14234.0,22,159,775.46
14235.0,10,80,3093.86
14236.0,81,15,490.86
14237.0,373,9,161.0
14238.0,326,8,146.85
14239.0,43,116,2323.5
14240.0,30,42,890.34
14241.0,184,10,213.70000000000002
14242.0,235,16,280.55
14243.0,9,148,2535.88
14245.0,176,112,1677.48
14246.0,111,75,1474.06
14247.0,278,20,136.76999999999998
14248.0,318,8,302.58
14250.0,7,111,1904.05
14251.0,2,78,2879.7000000000003
14256.0,254,54,935.0600000000001
14257.0,51,107,3087.27
14258.0,9,112,12650.08
14259.0,142,5,120.0
14261.0,51,52,1163.45
14262.0,8,143,2618.23
14264.0,155,19,319.47
14265.0,109,31,530.18
14267.0,151,66,1279.09
14270.0,332,29,492.65000000000003
14271.0,226,10,112.32
14272.0,74,33,437.96
14273.0,51,29,559.97
14276.0,88,75,1019.39
14277.0,15,228,3957.0
14280.0,197,8,134.04
14282.0,3,156,3729.34
14284.0,31,34,578.45
14285.0,21,27,1910.01
14286.0,24,285,4595.81
14287.0,8,11,151.23000000000002
14288.0,212,17,413.85
14289.0,9,47,911.26
14290.0,11,103,2307.4500000000003
14291.0,2,238,3873.3
14292.0,8,108,4819.33
14293.0,3,61,1046.56
14295.0,40,7,154.70000000000002
14297.0,18,64,1284.06
14298.0,3,1640,50862.44
14299.0,8,162,2855.35
14300.0,19,3,43.2
14301.0,108,16,632.04
14304.0,223,27,197.1
14305.0,71,110,1803.76
14306.0,51,35,2083.42
14307.0,89,180,2995.72
14309.0,8,123,2319.68
14311.0,225,27,229.71
14312.0,47,87,1611.59
14314.0,107,8,120.0
14315.0,21,104,2456.98
14317.0,65,24,508.58000000000004
14320.0,207,42,343.11
14321.0,11,123,1530.75
14323.0,115,41,574.26
14326.0,235,9,166.85
14327.0,163,12,311.65
14329.0,9,269,4928.74
14331.0,124,28,462.65999999999997
14332.0,23,26,866.31
14333.0,64,19,351.45
14334.0,17,163,2539.46
14335.0,16,63,468.26
14336.0,17,90,1614.91
14338.0,158,34,554.22
14339.0,235,18,289.90999999999997
14340.0,219,6,134.7
14341.0,45,130,2166.38
14342.0,21,24,607.71
14344.0,127,71,889.9300000000001
14345.0,39,6,108.97999999999999
14346.0,121,60,1021.58
14348.0,260,18,409.57
14349.0,10,31,133.5
14350.0,271,21,258.7
14351.0,165,1,51.0
14352.0,157,47,1078.96
14353.0,215,6,90.6
14354.0,6,9,163.62
14355.0,366,11,174.4
14356.0,60,38,666.9399999999999
14357.0,43,41,225.77
14359.0,19,58,882.58
14360.0,32,118,2128.23
14362.0,22,41,161.2
14364.0,109,69,3717.35
14367.0,8,533,9167.82
14368.0,320,8,155.0
14371.0,295,4,100.5
14373.0,358,4,76.55
14375.0,185,75,257.68
14377.0,191,11,617.05
14379.0,44,46,348.1
14381.0,52,56,202.68
14382.0,26,131,626.0699999999999
14383.0,38,59,1247.69
14385.0,9,14,202.11
14386.0,297,7,142.4
14387.0,33,140,1770.56
14388.0,9,191,3172.04
14389.0,9,62,999.72
14390.0,10,291,4592.47
14393.0,218,5,67.95
14395.0,2,353,3471.91
14396.0,65,73,487.99
14397.0,1,95,2556.68
14400.0,141,26,559.7
14401.0,4,183,4039.98
14403.0,130,26,1426.31
14404.0,34,104,1434.72
14406.0,119,8,156.75
14407.0,107,76,2111.08
14408.0,11,107,2606.53
14409.0,71,55,1908.25
14410.0,16,287,576.3
14411.0,311,14,1063.0
14412.0,35,45,761.3299999999999
14413.0,362,23,122.7
14414.0,92,98,1485.1299999999999
14415.0,1,612,5811.56
14416.0,22,14,490.22
14418.0,4,124,1937.25
14419.0,11,206,1058.06
14420.0,85,30,385.87
14421.0,57,27,813.11
14422.0,1,222,4263.64
14423.0,218,3,265.2
14424.0,18,1,322.08
14426.0,19,264,3918.9
14427.0,50,17,363.34000000000003
14428.0,7,148,1230.14
14431.0,299,22,397.76
14432.0,10,382,2255.51
14434.0,22,12,1372.8
14436.0,99,9,89.06
14437.0,143,6,-43.400000000000006
14438.0,306,9,131.9
14439.0,320,32,2661.24
14440.0,8,55,2357.6800000000003
14441.0,1,59,1545.14
14442.0,2,68,1544.62
14443.0,54,98,1400.88
14446.0,1,293,1039.58
14447.0,19,70,1163.23
14448.0,9,20,375.35
14449.0,19,258,907.1
14450.0,181,40,483.25
14451.0,60,109,662.59
14452.0,11,62,264.44
14453.0,190,22,119.93
14456.0,5,977,3047.63
14457.0,311,4,113.64
14459.0,155,37,1837.92
14460.0,110,17,383.34
14461.0,148,180,2103.06
14462.0,64,246,1965.9
14463.0,98,6,529.62
14465.0,247,130,1058.6200000000001
14466.0,29,72,2272.4
14467.0,18,90,598.76
14470.0,12,43,461.19
14472.0,104,281,1936.84
14473.0,74,7,234.34000000000003
14474.0,43,30,537.71
14475.0,72,47,799.82
14476.0,257,19,215.7
14477.0,20,11,1307.81
14479.0,254,18,316.25
14480.0,11,13,279.05
14481.0,165,30,636.51
14482.0,18,144,2068.15
14483.0,150,10,129.2
14484.0,50,14,321.92
14485.0,39,47,165.75
14487.0,27,145,1183.58
14488.0,51,49,1047.43
14489.0,207,30,463.38
14491.0,175,17,340.93
14493.0,7,123,2362.84
14494.0,26,7,139.56
14495.0,51,6,123.8
14496.0,312,19,538.8100000000001
14497.0,301,31,457.47
14498.0,43,193,1957.32
14499.0,26,194,815.32
14500.0,88,7,356.85
14501.0,64,12,190.31
14502.0,20,631,2351.02
14503.0,3,164,3543.26
14504.0,47,107,673.26
14505.0,17,803,5818.7
14506.0,17,316,2012.17
14507.0,24,98,1368.18
14508.0,22,57,276.42
14511.0,11,71,1267.4099999999999
14512.0,188,23,275.28
14513.0,101,18,438.49
14514.0,61,73,1055.35
14515.0,18,101,2102.09
14517.0,33,18,330.45
14518.0,64,16,174.37
14520.0,2,4,270.6
14522.0,24,17,974.54
14523.0,108,12,241.09
14524.0,32,203,1867.68
14525.0,9,298,4221.37
14527.0,3,1011,7711.38
14528.0,37,18,364.21999999999997
14529.0,60,229,620.04
14530.0,26,216,2925.91
14532.0,236,64,932.85
14533.0,25,65,1812.6200000000001
14534.0,3,558,4075.35
14535.0,59,333,2841.09
14536.0,260,19,171.8
14537.0,58,10,355.56
14538.0,65,19,388.25
14539.0,16,32,537.48
14540.0,10,76,996.26
14541.0,59,111,1461.65
14542.0,186,5,103.25
14543.0,4,107,2916.17
14544.0,24,114,2024.45
14546.0,4,417,2487.02
14547.0,4,367,3986.7400000000002
14548.0,151,4,652.8
14549.0,311,56,289.24
14550.0,11,48,765.62
14551.0,18,10,186.23
14552.0,152,58,165.07
14553.0,19,113,859.27
14554.0,10,216,2381.04
14555.0,57,21,324.14
14557.0,64,32,0.0
14560.0,7,76,2174.18
14561.0,76,69,1080.76
14562.0,4,446,4709.22
14565.0,96,129,3073.77
14566.0,111,4,1432.0
14567.0,35,34,1524.46
14569.0,1,12,227.39
14570.0,281,29,218.06
14572.0,3,273,2803.69
14573.0,180,241,1603.72
14576.0,372,1,35.400000000000006
14577.0,13,123,859.71
14578.0,3,24,168.63
14581.0,17,17,138.6
14582.0,41,6,114.11
14583.0,6,330,1052.55
14584.0,169,101,1029.26
14585.0,50,29,157.05
14586.0,227,27,134.16
14587.0,19,384,1598.24
14589.0,372,3,39.75
14591.0,15,197,1447.14
14592.0,35,164,570.46
14593.0,22,152,617.99
14594.0,7,53,379.83
14595.0,20,102,1740.6
14597.0,11,55,883.15
14598.0,44,50,221.97
14600.0,306,25,393.33000000000004
14601.0,11,7,213.96
14603.0,275,2,660.0
14606.0,1,2782,11713.85
14607.0,16,114,11341.1
14608.0,4,20,1785.15
14609.0,72,4,601.56
14616.0,243,3,406.08000000000004
14618.0,9,17,538.59
14619.0,239,22,379.51
14620.0,204,30,393.28000000000003
14621.0,1,96,1765.76
14622.0,185,21,320.58000000000004
14623.0,32,135,869.35
14624.0,57,13,225.85
14625.0,185,57,848.48
14626.0,9,126,2757.07
14627.0,312,5,-21.85
14628.0,91,24,671.96
14629.0,4,153,939.21
14631.0,51,41,1006.98
14632.0,263,8,114.56
14633.0,266,20,344.90000000000003
14636.0,36,28,609.85
14638.0,51,16,443.6
14639.0,52,175,2952.34
14640.0,16,113,2042.15
14641.0,22,7,110.46
14642.0,59,2,96.12
14643.0,170,34,668.61
14644.0,9,29,780.46
14645.0,157,30,597.09
14646.0,2,2085,279489.02
14647.0,201,30,243.22
14649.0,5,199,1417.29
14651.0,67,102,654.6
14652.0,77,29,114.18
14653.0,1,237,1947.55
14655.0,4,50,1930.15
14656.0,169,80,291.05
14657.0,18,127,838.27
14658.0,5,29,247.15
14659.0,9,259,2456.53
14660.0,87,30,285.74
14661.0,27,4,107.95
14662.0,29,168,771.17
14664.0,20,99,637.89
14665.0,61,117,1258.38
14666.0,24,14,195.25
14667.0,11,576,9231.2
14669.0,242,170,1269.99
14670.0,280,132,411.53
14672.0,235,61,765.55
14673.0,3,74,1736.4
14675.0,16,102,604.75
14676.0,31,44,2543.2400000000002
14679.0,372,1,-2.55
14680.0,25,320,26932.34
14681.0,71,7,498.95
14682.0,188,2,52.0
14684.0,26,421,1236.28
14687.0,107,15,628.38
14688.0,8,359,5107.38
14689.0,209,13,112.8
14690.0,44,54,358.61
14691.0,31,71,2114.33
14692.0,137,69,582.05
14693.0,265,8,172.9
14696.0,4,133,2070.97
14697.0,218,22,188.60999999999999
14698.0,2,210,1250.76
14699.0,214,8,109.13000000000001
14700.0,32,115,2235.3
14701.0,11,350,2486.2200000000003
14702.0,1,348,3250.64
14703.0,15,22,318.17
14704.0,11,415,1546.91
14705.0,199,1,179.0
14708.0,3,29,1096.67
14709.0,15,197,4911.14
14710.0,14,139,606.13
14711.0,10,359,2838.2
14712.0,29,25,917.07
14713.0,9,341,2664.2599999999998
14714.0,24,10,160.19
14715.0,25,71,867.38
14716.0,43,55,329.68
14719.0,2,238,1592.18
14720.0,6,37,663.81
14722.0,147,29,187.92000000000002
14723.0,10,278,1158.3
14725.0,25,52,718.08
14727.0,274,10,268.58
14729.0,374,71,313.49
14730.0,1,501,2005.06
14731.0,47,45,380.02
14732.0,8,149,2686.34
14733.0,9,216,9451.54
14735.0,4,205,5807.6900000000005
14737.0,4,17,1164.55
14738.0,39,56,1289.94
14739.0,2,61,3899.1
14740.0,191,93,1423.21
14741.0,12,59,1400.34
14744.0,16,28,1088.53
14745.0,113,70,1167.16
14747.0,248,19,294.3
14748.0,29,92,1311.79
14752.0,44,5,389.64
14753.0,87,30,563.15
14754.0,45,41,638.05
14755.0,10,237,4965.38
14756.0,15,38,738.96
14757.0,75,19,420.5
14758.0,145,71,1484.06
14759.0,5,102,1625.97
14760.0,294,7,53.8
14761.0,59,11,255.9
14762.0,264,21,300.52
14764.0,44,7,250.55
14765.0,29,39,254.11
14766.0,8,137,2423.07
14768.0,17,6,139.5
14769.0,3,1094,10641.6
14770.0,232,52,876.42
14772.0,112,9,139.26
14775.0,58,60,1011.9
14776.0,51,134,2195.58
14777.0,4,3,-17.45
14778.0,127,35,730.86
14779.0,281,41,386.15
14780.0,55,27,447.68
14782.0,320,6,200.10000000000002
14784.0,26,15,289.99
14785.0,10,3,77.4
14788.0,7,30,679.4399999999999
14789.0,29,6,197.64
14790.0,17,46,745.06
14792.0,64,4,0.0
14793.0,4,15,214.14
14794.0,3,82,1272.11
14795.0,166,6,131.45000000000002
14796.0,1,1165,7839.51
14798.0,53,12,173.74
14799.0,51,13,157.7
14800.0,48,392,4236.34
14801.0,61,59,193.14
14803.0,162,44,845.55
14804.0,9,12,353.27
14805.0,15,47,554.65
14806.0,75,11,193.39000000000001
14808.0,40,256,2175.37
14810.0,41,255,2087.88
14813.0,370,30,155.43
14815.0,37,53,778.5
14816.0,197,4,271.85
14817.0,200,63,1110.34
14818.0,74,48,657.8
14819.0,64,13,272.07
14820.0,21,29,507.29
14821.0,367,2,48.800000000000004
14823.0,180,70,321.43
14824.0,10,29,1127.71
14825.0,4,121,2226.91
14828.0,197,17,2139.76
14829.0,29,45,644.65
14830.0,53,40,197.13
14834.0,18,70,1698.35
14836.0,10,6,102.44999999999999
14837.0,90,110,1641.2
14840.0,268,4,62.85
14841.0,53,138,3295.76
14842.0,35,158,2456.8
14844.0,64,130,3189.81
14847.0,149,13,309.4
14849.0,22,392,7904.28
14850.0,312,22,278.15
14851.0,23,28,511.35
14852.0,58,143,2836.69
14853.0,9,10,463.05
14854.0,78,131,2749.89
14855.0,119,20,645.65
14856.0,36,66,1311.3799999999999
14857.0,60,61,1165.65
14859.0,13,59,1352.04
14860.0,9,12,168.62
14861.0,52,6,125.79
14862.0,26,48,841.1999999999999
14863.0,29,11,266.76
14865.0,7,4,52.2
14866.0,11,103,14197.45
14867.0,186,37,701.33
14868.0,3,147,2939.64
14869.0,4,72,721.95
14870.0,262,13,327.25
14871.0,3,98,522.38
14873.0,210,28,519.68
14875.0,9,50,1448.72
14878.0,13,124,1485.54
14880.0,77,47,706.19
14881.0,20,17,255.4
14882.0,27,11,589.7
14883.0,19,54,756.64
14885.0,132,15,765.3199999999999
14886.0,253,18,364.8
14887.0,79,6,1862.0
14888.0,207,20,369.2
14889.0,336,10,135.9
14890.0,254,7,125.65
14891.0,148,33,554.38
14893.0,10,73,1237.8500000000001
14894.0,85,23,655.75
14895.0,8,506,11020.26
14896.0,205,43,468.77000000000004
14897.0,8,55,1366.38
14898.0,23,119,1228.32
14901.0,11,98,1414.99
14902.0,21,24,314.11
14903.0,21,364,2744.48
14904.0,2,69,1025.44
14905.0,154,18,599.9
14907.0,3,168,3478.85
14908.0,74,9,277.8
14910.0,3,35,389.86
14911.0,1,5903,132572.62
14912.0,17,28,841.52
14913.0,36,87,1227.43
14915.0,86,13,258.83
14916.0,71,79,1264.84
14918.0,116,45,1610.15
14920.0,213,57,977.77
14921.0,30,78,1316.07
14923.0,51,44,749.1
14924.0,246,10,310.05
14929.0,32,11,223.88
14930.0,109,128,2372.86
14931.0,5,42,964.6800000000001
14932.0,366,17,363.53
14934.0,73,88,1888.84
14935.0,297,10,1784.71
14936.0,9,366,8117.42
14937.0,57,35,1617.63
14944.0,30,172,5842.95
14946.0,14,3,100.9
14947.0,72,14,290.82
14948.0,23,64,1066.57
14950.0,9,20,361.25
14951.0,79,20,311.69
14952.0,46,149,7912.79
14953.0,25,55,289.82
14954.0,12,85,336.17
14957.0,253,12,58.49
14958.0,147,42,499.68
14959.0,59,61,684.97
14960.0,8,27,221.27
14961.0,11,317,7006.58
14962.0,271,5,126.7
14963.0,10,198,1487.8
14964.0,247,13,206.21
14965.0,96,83,599.0
14966.0,15,38,191.32
14967.0,50,6,463.8
14968.0,30,37,147.59
14970.0,68,34,1592.06
14971.0,35,160,1116.57
14972.0,128,18,114.77
14973.0,107,32,1314.45
14974.0,37,21,114.39
14975.0,57,11,279.94
14976.0,57,73,765.86
14978.0,72,216,1931.42
14981.0,246,8,102.12
14984.0,19,41,213.27
14985.0,198,87,296.75
14987.0,16,4,326.4
14988.0,212,40,334.54
14995.0,39,61,233.23000000000002
14997.0,46,27,540.98
14998.0,170,75,429.87
15000.0,48,77,490.52
15002.0,116,115,1641.76
15004.0,147,158,1246.32
15005.0,16,1160,6180.49
15006.0,51,144,502.09
15007.0,159,12,156.91
15009.0,12,182,1261.78
15010.0,36,20,308.94
15012.0,54,128,423.04
15014.0,43,35,260.17
15016.0,173,20,170.04
15017.0,34,20,125.58
15018.0,39,32,456.26
15019.0,267,70,266.0
15021.0,9,479,1872.28
15022.0,12,135,905.04
15023.0,3,563,6763.16
15024.0,10,155,1661.33
15025.0,33,72,377.01
15026.0,80,61,469.0
15027.0,31,37,1051.95
15028.0,8,48,627.13
15030.0,72,7,518.28
15031.0,4,111,668.14
15032.0,256,55,4464.1
15033.0,5,513,2571.02
15034.0,16,400,4277.66
15035.0,90,27,252.73000000000002
15036.0,72,127,465.55
15038.0,43,133,665.59
15039.0,10,1508,19786.44
15041.0,170,67,180.35
15042.0,199,5,135.93
15043.0,31,3,537.0
15044.0,19,461,7629.38
15045.0,152,13,633.66
15046.0,9,207,5064.01
15047.0,270,22,343.62
15048.0,65,98,380.57
15049.0,274,3,121.17000000000002
15050.0,25,80,1727.17
15051.0,23,143,1391.61
15052.0,319,30,215.78
15053.0,5,71,697.79
15054.0,12,114,302.1
15057.0,275,25,1489.5
15058.0,25,276,2124.9900000000002
15059.0,41,239,1325.82
15060.0,8,121,303.09
15061.0,4,410,54228.74
15062.0,71,57,987.86
15063.0,213,5,370.79999999999995
15065.0,38,158,3135.98
15066.0,32,53,760.59
15067.0,78,82,1744.76
15068.0,46,104,553.36
15069.0,179,70,1109.53
15070.0,373,1,106.2
15071.0,94,26,982.07
15073.0,10,76,612.43
15074.0,105,42,748.87
15075.0,78,27,773.03
15076.0,173,49,880.85
15078.0,7,451,9623.35
15079.0,213,48,893.66
15081.0,22,35,487.35
15083.0,257,5,88.2
15087.0,282,15,306.94
15088.0,21,60,1140.27
15089.0,10,145,2420.84
15090.0,308,23,381.32
15091.0,54,31,476.96
15092.0,215,26,457.81
15093.0,18,112,4410.14
15095.0,104,49,1364.7
15096.0,43,11,219.39000000000001
15097.0,4,25,248.08
15098.0,182,5,649.5
15099.0,84,23,410.48
15100.0,330,6,635.1
15101.0,9,9,310.03
15103.0,31,35,703.36
15104.0,167,71,1002.54
15105.0,18,101,2298.93
15106.0,18,102,1407.73
15107.0,311,20,247.66
15108.0,142,61,1291.75
15109.0,241,31,463.75
15110.0,24,40,970.25
15111.0,29,84,1567.48
15113.0,10,101,3439.41
15114.0,30,197,2760.56
15115.0,18,21,340.11
15116.0,18,45,1352.75
15117.0,15,80,1550.13
15118.0,134,1,244.8
15119.0,246,14,266.4
15120.0,130,22,343.82
15121.0,50,28,457.72
15122.0,85,87,1612.13
15123.0,7,106,2199.31
15124.0,23,15,184.19
15125.0,25,140,11117.05
15127.0,66,16,406.53
15128.0,60,111,1419.54
15129.0,50,84,3447.4
15130.0,170,22,330.11
15132.0,18,52,977.9300000000001
15133.0,128,29,982.42
15134.0,15,73,1387.99
15135.0,233,10,127.15
15136.0,3,69,1282.45
15139.0,240,13,178.96
15140.0,52,81,2350.0
15142.0,46,26,498.74
15143.0,226,14,259.45
15144.0,8,218,6530.04
15145.0,4,67,1194.73
15146.0,165,95,1313.66
15147.0,219,29,608.65
15148.0,11,20,301.29
15149.0,134,23,520.8000000000001
15150.0,17,344,5303.97
15152.0,10,278,4684.24
15153.0,31,22,329.25
15154.0,74,92,240.27
15156.0,1,55,961.49
15157.0,4,133,1869.5
15158.0,45,7,401.40000000000003
15159.0,2,720,18573.68
15160.0,357,4,158.16
15163.0,18,29,304.47
15164.0,69,103,843.05
15165.0,373,27,487.75
15167.0,321,41,163.0
15168.0,26,5,106.56
15171.0,325,7,1034.5
15172.0,9,110,1624.05
15174.0,323,11,135.75
15175.0,72,23,224.14
15178.0,260,3,40.5
15179.0,18,95,2186.2
15180.0,367,6,87.5
15181.0,66,18,680.28
15182.0,154,29,622.85
15184.0,29,63,406.76
15185.0,70,21,310.62
15186.0,14,19,411.41
15187.0,2,93,4670.08
15189.0,1,232,15802.14
15192.0,120,51,1044.32
15193.0,61,19,499.32
15194.0,3,326,7521.17
15195.0,3,1,3861.0
15197.0,9,36,656.44
15198.0,92,10,193.64
15199.0,59,13,1268.7
15201.0,79,97,927.84
15203.0,26,142,1827.8
15204.0,357,9,316.58
15205.0,85,38,648.8299999999999
15206.0,10,9,420.29999999999995
15208.0,1,43,867.62
15210.0,225,20,331.18
15211.0,60,52,894.4100000000001
15212.0,239,7,88.94999999999999
15213.0,319,25,325.05
15214.0,2,110,1661.44
15215.0,45,43,615.99
15216.0,88,2,96.6
15218.0,11,166,5756.89
15219.0,176,9,305.75
15220.0,52,119,1758.92
15221.0,366,11,114.1
15222.0,319,5,585.0
15223.0,226,32,454.90000000000003
15224.0,358,16,310.48
15225.0,234,23,409.40000000000003
15226.0,311,8,154.41
15227.0,37,58,1219.4
15228.0,66,126,3376.96
15230.0,239,23,429.6
15232.0,113,31,612.06
15234.0,277,14,197.0
15235.0,218,143,2247.51
15236.0,299,15,321.05
15237.0,2,99,1412.32
15238.0,29,52,1056.54
15239.0,10,52,764.34
15240.0,45,83,1685.57
15241.0,67,111,1738.59
15243.0,74,22,316.68
15244.0,65,34,631.57
15245.0,134,89,2515.84
15246.0,238,33,514.15
15247.0,122,6,356.0
15249.0,32,358,6657.36
15251.0,9,121,10327.11
15252.0,36,44,740.78
15253.0,16,55,915.3
15254.0,127,18,300.36
15255.0,67,47,890.85
15256.0,149,6,98.45
15257.0,281,8,232.14999999999998
15258.0,169,34,623.16
15260.0,100,78,1780.77
15261.0,135,19,254.82
15262.0,324,10,178.95000000000002
15263.0,107,12,156.51
15264.0,64,23,393.74
15265.0,151,82,1506.1200000000001
15266.0,338,6,119.3
15267.0,22,11,1717.36
15269.0,24,2,408.8
15270.0,16,48,2298.2
15271.0,7,275,2485.82
15272.0,57,63,721.94
15274.0,4,47,716.57
15275.0,31,42,609.19
15276.0,66,52,135.31
15277.0,47,12,255.89999999999998
15279.0,355,21,277.40999999999997
15280.0,172,16,113.12
15281.0,59,150,2239.9500000000003
15286.0,50,3,240.55
15287.0,22,21,485.24
15288.0,43,88,2306.52
15289.0,29,59,935.1
15290.0,5,212,7803.7699999999995
15291.0,26,109,4596.51
15292.0,201,25,180.94
15296.0,44,200,3610.31
15297.0,10,41,635.04
15298.0,2,194,3774.1
15299.0,67,12,3787.09
15300.0,64,28,496.44
15301.0,51,247,5028.12
15303.0,290,31,574.02
15304.0,61,26,680.3
15306.0,64,58,1174.35
15307.0,96,12,205.3
15308.0,271,21,302.27
15311.0,1,2491,59419.340000000004
15312.0,75,48,921.1
15313.0,110,1,52.0
15314.0,199,24,327.97
15315.0,64,38,551.54
15316.0,327,1,165.0
15318.0,4,33,312.62
15319.0,284,16,204.5
15320.0,44,36,267.13
15321.0,49,106,2650.73
15322.0,64,49,602.97
15325.0,104,49,162.29
15326.0,334,29,311.71
15327.0,53,10,208.75
15329.0,35,62,1005.5
15330.0,32,13,714.96
15332.0,366,35,1661.06
15333.0,208,16,1028.56
15334.0,157,99,351.67
15335.0,54,36,173.97
15339.0,66,88,557.57
15341.0,81,17,2020.52
15342.0,116,26,391.76
15343.0,87,21,364.5
15344.0,1,32,476.58
15345.0,35,23,367.69
15346.0,333,17,252.42000000000002
15347.0,366,5,201.60000000000002
15348.0,72,9,158.04
15349.0,158,72,473.81
15350.0,373,5,115.65
15351.0,12,233,1862.14
15353.0,255,63,777.02
15355.0,29,14,277.05
15356.0,31,519,2766.5
15358.0,5,561,8234.8
15360.0,40,13,427.93
15361.0,362,7,418.92
15363.0,241,17,318.05
15364.0,96,29,913.19
15365.0,26,151,1330.45
15366.0,75,44,602.51
15367.0,57,96,1867.69
15368.0,21,4,446.94000000000005
15369.0,144,1,-1592.49
15370.0,41,95,2360.55
15372.0,137,27,2007.3999999999999
15373.0,8,137,2213.11
15374.0,129,3,168.0
15376.0,40,117,1233.3600000000001
15379.0,169,196,3631.8900000000003
15380.0,9,37,1682.3600000000001
15381.0,214,8,596.85
15382.0,15,306,5927.86
15384.0,170,43,635.76
15385.0,40,12,316.88
15386.0,186,31,394.14
15388.0,270,10,140.54
15389.0,172,1,500.0
15392.0,5,85,1515.73
15393.0,16,12,231.86
15394.0,10,85,2183.54
15395.0,326,7,107.45
15396.0,113,14,288.18
15397.0,290,6,94.0
15398.0,16,74,1339.63
15399.0,1,50,815.77
15400.0,92,13,666.7
15402.0,149,42,626.77
15405.0,189,8,349.1
15406.0,18,58,426.61
15407.0,34,153,1056.44
15408.0,264,34,267.18
15410.0,84,122,3450.84
15411.0,26,100,1346.38
15412.0,171,10,190.53
15414.0,10,39,774.9000000000001
15415.0,313,48,572.8100000000001
15416.0,65,193,3974.37
15417.0,85,28,508.8
15419.0,25,8,135.86
15421.0,59,53,950.36
15422.0,323,6,97.7
15423.0,38,2,43.5
15424.0,254,17,383.34
15426.0,19,300,1429.9
15427.0,33,306,1483.14
15428.0,15,6,93.78
15429.0,27,83,364.90000000000003
15432.0,23,10,171.19
15433.0,79,53,417.87
15434.0,8,59,997.48
15435.0,22,29,149.29
15436.0,12,329,1122.53
15437.0,262,45,200.16
15438.0,131,25,156.57999999999998
15440.0,55,62,383.68
15442.0,249,2,594.0
15443.0,2,385,3212.16
15444.0,9,219,1418.26
15445.0,264,5,113.5
15447.0,331,9,155.17
15448.0,313,28,494.64
15449.0,26,62,971.22
15450.0,30,30,429.84
15452.0,30,58,538.73
15453.0,2,286,1388.37
15454.0,362,25,179.1
15456.0,283,60,447.22
15457.0,262,58,237.07
15458.0,25,7,161.64
15460.0,354,58,216.76
15462.0,94,11,234.6
15463.0,29,7,126.14
15464.0,338,157,1048.85
15465.0,20,104,6945.0199999999995
15466.0,85,57,334.53
15467.0,9,53,511.88
15468.0,35,29,438.46
15469.0,43,27,504.5
15471.0,2,77,469.48
15472.0,113,76,371.56
15473.0,14,14,1465.2
15475.0,77,29,454.10999999999996
15478.0,40,46,1441.42
15480.0,116,45,905.5
15482.0,16,127,6568.72
15483.0,161,88,233.81
15484.0,1,189,3563.11
15485.0,30,86,2575.0
15488.0,93,2,91.32000000000001
15489.0,23,55,1090.03
15491.0,95,155,3090.85
15492.0,28,35,659.4599999999999
15493.0,33,299,1967.25
15494.0,21,125,1299.23
15497.0,18,16,1259.7
15498.0,1,523,12396.46
15500.0,8,68,1131.56
15502.0,16,252,5541.46
15503.0,363,70,147.09
15504.0,81,13,52.83
15505.0,53,99,3497.14
15506.0,23,164,979.26
15507.0,172,46,492.36
15508.0,189,92,1000.27
15510.0,331,1,250.0
15511.0,12,160,909.23
15512.0,156,7,121.0
15513.0,31,314,14520.08
15514.0,12,218,2963.19
15516.0,45,15,62.43
15517.0,233,27,267.03
15518.0,64,220,1911.89
15520.0,2,18,343.5
15521.0,36,200,2574.65
15522.0,33,57,398.84
15523.0,84,10,412.01000000000005
15524.0,25,1,440.0
15525.0,2,180,811.02
15526.0,33,4,148.44
15527.0,19,166,2348.82
15528.0,254,26,229.33
15529.0,23,674,3967.78
15530.0,22,108,1502.35
15531.0,8,228,2007.44
15532.0,25,263,1517.08
15533.0,19,86,746.92
15535.0,173,78,459.9
15537.0,163,24,110.92
15539.0,7,41,538.46
15540.0,11,15,213.3
15541.0,114,29,85.13000000000001
15543.0,288,28,127.86
15544.0,9,261,3542.51
15545.0,54,81,292.71999999999997
15547.0,7,702,4954.84
15549.0,77,116,1655.76
15550.0,4,61,575.63
15551.0,37,29,436.06
15552.0,217,17,90.12
15553.0,60,56,437.23
15554.0,278,14,217.2
15555.0,12,925,4758.2
15556.0,24,31,279.77
15557.0,29,20,473.65000000000003
15561.0,12,31,722.74
15562.0,352,1,134.55
15563.0,9,117,1319.69
15565.0,50,8,173.16
15567.0,19,7,186.01
15568.0,3,53,758.29
15569.0,104,31,1375.71
15570.0,7,330,4109.97
15571.0,12,57,650.4300000000001
15572.0,5,215,2552.86
15573.0,32,104,607.45
15574.0,178,168,702.25
15576.0,38,45,940.6700000000001
15577.0,151,39,258.88
15578.0,162,13,127.1
15579.0,69,51,348.6
15581.0,121,151,3429.9700000000003
15582.0,25,44,682.9100000000001
15584.0,24,125,722.61
15585.0,177,31,455.3
15587.0,50,9,913.6800000000001
15589.0,253,30,456.58
15590.0,289,1,-30.19
15592.0,47,24,388.58
15593.0,71,5,199.8
15594.0,16,104,1767.53
15596.0,101,84,1343.34
15597.0,30,23,315.71999999999997
15598.0,35,16,235.68
15599.0,27,52,761.74
15601.0,11,414,6745.36
15602.0,8,54,1083.63
15603.0,79,2,48.480000000000004
15604.0,52,17,216.39
15605.0,36,67,1198.23
15606.0,57,91,2422.64
15607.0,337,13,104.76
15608.0,28,60,1093.68
15609.0,183,18,270.03000000000003
15610.0,52,6,112.46000000000001
15611.0,10,45,1568.39
15612.0,36,6,195.15
15615.0,10,429,10360.04
15618.0,33,49,747.031
15619.0,11,3,336.40000000000003
15620.0,50,104,1524.4
15621.0,4,18,1158.77
15622.0,3,214,3224.53
15623.0,141,19,301.03
15624.0,117,34,588.13
15625.0,100,68,1504.56
15626.0,75,49,675.8
15628.0,5,157,2865.64
15630.0,45,61,1180.4
15632.0,16,177,3147.31
15634.0,17,15,243.55
15636.0,90,25,724.76
15637.0,53,15,223.36
15638.0,301,2,-94.0
15639.0,134,25,425.32
15640.0,4,495,12433.34
15641.0,105,119,1887.2
15643.0,179,36,647.4
15644.0,166,238,813.0
15645.0,19,52,612.01
15646.0,158,36,425.14000000000004
15648.0,204,28,599.9
15649.0,336,2,816.0
15651.0,37,32,646.3
15652.0,91,21,337.74
15653.0,93,6,877.4399999999999
15654.0,9,21,922.53
15655.0,233,37,511.32
15656.0,45,47,748.5
15657.0,23,1,30.0
15658.0,190,56,958.9
15659.0,44,11,306.45
15660.0,25,94,1552.01
15661.0,317,5,309.8
15663.0,106,9,138.14
15664.0,51,19,358.63
15665.0,168,116,2242.01
15667.0,40,13,301.32
15668.0,218,1,76.32000000000001
15669.0,40,35,677.69
15670.0,297,12,173.05
15671.0,19,81,2635.4900000000002
15673.0,88,155,2881.02
15674.0,73,135,1744.02
15675.0,81,21,323.69
15676.0,9,216,3324.09
15677.0,49,33,657.23
15678.0,53,12,352.7
15679.0,24,110,781.28
15680.0,9,78,1333.68
15681.0,18,67,946.36
15683.0,117,10,193.75
15687.0,9,168,2981.5
15689.0,120,9,254.1
15690.0,4,19,239.76
15691.0,252,2,136.8
15692.0,28,12,191.04
15694.0,1,79,6423.6
15695.0,267,22,409.98
15696.0,33,177,2644.46
15699.0,18,18,309.65
15700.0,172,89,664.03
15701.0,2,237,1542.14
15703.0,265,5,211.5
15704.0,140,117,2293.62
15705.0,201,6,143.1
15706.0,60,59,1001.8100000000001
15707.0,35,214,945.58
15708.0,41,297,3329.7200000000003
15709.0,284,6,133.25
15712.0,9,53,1072.3600000000001
15713.0,143,20,346.75
15714.0,12,35,330.88
15716.0,146,118,1118.81
15717.0,234,7,150.3
15719.0,33,938,5043.96
15720.0,24,128,598.73
15721.0,12,91,507.08
15722.0,36,72,2181.21
15723.0,365,41,203.1
15724.0,201,12,212.3
15725.0,15,32,415.25
15727.0,17,302,5178.96
15728.0,49,4,-134.8
15729.0,198,6,62.0
15730.0,66,73,1108.38
15732.0,212,14,294.12
15733.0,283,10,162.3
15734.0,115,26,1339.45
15737.0,15,81,1121.21
15738.0,19,176,4788.77
15739.0,66,8,449.12
15740.0,49,9,154.88
15743.0,16,88,784.46
15744.0,78,3,34.8
15745.0,9,65,1071.24
15746.0,134,29,182.96
15747.0,13,93,974.04
15748.0,40,21,149.31
15749.0,235,15,21535.9
15750.0,3,295,2451.23
15752.0,40,412,2628.93
15753.0,305,1,79.2
15754.0,51,29,455.67
15755.0,1,149,2318.88
15756.0,61,192,532.96
15757.0,66,45,714.42
15758.0,25,9,205.25
15759.0,218,7,253.04
15762.0,65,37,583.75
15763.0,32,63,1048.67
15764.0,81,188,3245.47
15766.0,64,11,315.06
15768.0,116,28,581.8299999999999
15769.0,7,147,51823.72
15773.0,6,10,635.6800000000001
15774.0,69,25,270.8
15775.0,245,7,104.9
15776.0,133,18,241.62
15777.0,241,22,1021.61
15780.0,184,29,475.28000000000003
15781.0,25,21,333.56
15782.0,10,44,2593.94
15783.0,11,14,246.3
15785.0,30,87,2303.75
15786.0,44,280,4834.2
15787.0,26,206,948.05
15789.0,358,25,351.3
15790.0,10,35,220.85
15791.0,44,76,1604.44
15793.0,9,13,948.96
15795.0,150,42,610.01
15796.0,1,135,2666.61
15797.0,113,8,2207.4
15799.0,76,98,884.14
15800.0,107,119,699.08
15801.0,46,69,1042.19
15802.0,143,3,-451.42
15803.0,51,8,415.82000000000005
15804.0,1,274,3848.55
15805.0,23,307,5452.17
15806.0,46,31,784.58
15807.0,50,48,903.9
15808.0,306,210,3724.77
15809.0,36,43,399.21
15810.0,79,112,1145.43
15811.0,17,139,2171.32
15812.0,107,41,1801.14
15813.0,208,40,1303.9099999999999
15814.0,3,74,1842.73
15815.0,64,49,2100.6
15819.0,49,123,1905.45
15820.0,320,17,206.98
15821.0,44,62,570.96
15822.0,3,33,885.47
15823.0,337,17,-840.76
15825.0,172,20,532.94
15826.0,51,69,1649.3600000000001
15827.0,73,134,1641.48
15829.0,99,51,636.14
15830.0,29,41,547.7
15831.0,58,69,747.76
15832.0,254,54,836.79
15834.0,70,276,2084.9
15835.0,44,50,954.09
15836.0,45,12,117.47
15837.0,65,24,391.98
15838.0,11,169,33350.76
15839.0,25,65,1020.74
15840.0,59,28,345.66
15841.0,64,50,1209.1
15843.0,304,8,118.95000000000002
15844.0,46,11,130.73999999999998
15845.0,18,140,3650.87
15847.0,38,22,389.27
15850.0,19,97,238.85
15852.0,187,22,160.71
15853.0,52,30,110.8
15854.0,4,140,2974.65
15855.0,137,80,712.24
15856.0,4,653,16173.67
15857.0,19,14,297.0
15858.0,16,191,1438.85
15860.0,41,142,977.21
15861.0,12,547,3000.36
15862.0,8,147,832.88
15863.0,26,18,68.84
15864.0,22,24,1769.7800000000002
15865.0,41,40,895.13
15866.0,101,45,230.53
15867.0,5,463,3797.79
15869.0,277,15,149.64
15870.0,33,76,354.09000000000003
15872.0,15,128,360.93
15874.0,63,137,4330.67
15877.0,2,131,440.78
15880.0,369,106,313.28000000000003
15881.0,312,32,438.24
15882.0,199,24,495.36
15883.0,2,49,396.48
15885.0,93,18,379.35
15886.0,60,12,181.09
15888.0,80,14,141.27
15889.0,157,93,446.87
15891.0,227,62,524.52
15894.0,253,41,263.55
15895.0,150,11,179.17
15897.0,194,24,222.05
15898.0,1,87,1384.68
15899.0,369,4,56.25
15900.0,24,51,351.11
15901.0,17,116,363.88
15903.0,10,75,5126.34
15904.0,8,30,164.68
15906.0,20,151,1521.79
15907.0,4,249,967.45
15909.0,174,7,191.94
15910.0,1,267,1232.18
15912.0,178,19,264.62
15916.0,16,160,1491.24
15917.0,248,12,123.1
15918.0,191,40,334.23
15919.0,20,143,639.89
15920.0,154,60,167.5
15921.0,173,25,336.03000000000003
15922.0,372,12,363.6
15923.0,373,21,127.08
15925.0,194,12,207.15
15930.0,67,21,426.63
15932.0,4,119,2461.85
15933.0,21,74,1107.46
15935.0,239,12,416.86
15937.0,64,7,145.35
15938.0,112,18,404.58
15939.0,90,77,6102.26
15940.0,311,2,31.799999999999997
15942.0,134,14,337.44
15944.0,277,6,325.1
15945.0,365,2,181.0
15947.0,83,29,1708.24
15948.0,8,60,955.24
15949.0,17,19,364.72
15950.0,2,103,1705.26
15951.0,1,43,669.57
15952.0,34,91,806.57
15953.0,15,103,1634.53
15955.0,24,185,4389.81
15957.0,32,42,428.89
15958.0,74,7,104.35
15963.0,20,28,470.76
15965.0,17,122,845.64
15967.0,23,84,418.83
15969.0,3,21,582.9
15970.0,304,11,314.1
15971.0,18,35,4199.85
15973.0,236,6,99.77000000000002
15974.0,39,177,3429.55
15975.0,84,24,371.01
15976.0,165,98,430.94
15977.0,17,65,1054.73
15978.0,77,49,1098.78
15980.0,89,43,2398.86
15981.0,25,97,3408.48
15983.0,22,113,1475.02
15984.0,3,275,2816.97
15985.0,123,38,1037.42
15986.0,30,14,168.12
15987.0,12,140,1451.28
15988.0,19,27,158.03
15990.0,44,52,792.11
15992.0,4,3,41.989999999999995
15993.0,9,560,2756.82
15994.0,55,35,427.07
15996.0,88,131,1044.78
15998.0,37,509,3084.17
16000.0,3,9,12393.7
16003.0,30,103,2735.37
16005.0,12,218,615.39
16006.0,211,8,101.4
16007.0,48,385,1701.94
16008.0,24,33,478.78
16009.0,22,90,992.71
16010.0,246,86,407.5
16011.0,8,212,3362.71
16012.0,35,94,1415.29
16013.0,4,151,33366.25
16014.0,36,148,653.13
16015.0,4,184,690.54
16016.0,3,237,1483.31
16017.0,47,32,211.88
16018.0,39,28,408.90000000000003
16019.0,2,165,3450.2400000000002
16020.0,17,46,851.01
16022.0,260,76,628.28
16023.0,46,101,719.81
16024.0,12,64,251.24
16025.0,30,28,439.65999999999997
16026.0,43,32,236.09
16027.0,92,17,852.12
16029.0,39,274,50992.61
16030.0,310,29,331.24
16031.0,92,100,548.94
16033.0,6,1152,8727.61
16034.0,196,22,437.7
16036.0,87,55,758.92
16037.0,270,39,855.02
16038.0,8,28,454.33000000000004
16040.0,65,65,1313.55
16041.0,31,6,3166.4
16042.0,22,75,1147.37
16043.0,38,39,773.99
16045.0,120,83,1340.7
16048.0,86,9,243.69000000000003
16049.0,40,312,1111.79
16050.0,174,10,137.9
16052.0,54,34,362.06
16053.0,33,84,1511.95
16054.0,145,70,783.9
16055.0,221,8,134.8
16056.0,45,68,664.85
16057.0,4,134,2140.2200000000003
16059.0,66,180,1459.8600000000001
16061.0,269,1,-29.95
16062.0,10,64,1153.62
16063.0,260,23,335.32
16065.0,365,74,372.09
16066.0,17,102,1521.87
16070.0,22,33,852.15
16071.0,45,21,326.24
16072.0,288,23,584.3199999999999
16073.0,292,2,94.35
16076.0,3,131,2173.53
16078.0,284,1,79.2
16079.0,17,21,1352.0
16080.0,82,11,176.6
16081.0,56,227,2806.9
16083.0,101,31,1317.62
16084.0,299,38,436.18
16085.0,23,167,981.51
16086.0,59,40,1119.31
16091.0,155,18,315.06
16092.0,99,53,779.36
16093.0,107,1,17.0
16094.0,12,67,1041.83
16096.0,264,12,320.62
16097.0,240,10,185.04999999999998
16098.0,88,67,2005.63
16099.0,50,39,731.9
16101.0,9,83,1245.96
16102.0,42,57,1842.14
16103.0,7,48,1429.64
16104.0,62,29,302.36
16105.0,249,13,336.96
16106.0,66,6,108.38
16107.0,18,31,3204.1600000000003
16108.0,85,49,816.1
16109.0,219,18,611.88
16110.0,45,354,1337.48
16112.0,143,16,195.73999999999998
16113.0,183,30,161.38
16114.0,171,8,135.75000000000003
16115.0,10,284,1667.97
16116.0,206,35,592.88
16117.0,190,30,232.21
16119.0,8,16,423.36
16120.0,59,32,1294.14
16121.0,57,212,867.11
16122.0,73,38,684.4200000000001
16123.0,52,16,307.78
16124.0,316,16,187.15
16125.0,367,13,289.35
16126.0,29,117,6287.77
16127.0,39,40,656.25
16128.0,18,89,1880.22
16131.0,52,78,3506.54
16133.0,4,365,14305.66
16134.0,22,38,603.69
16135.0,263,21,517.55
16136.0,60,37,709.38
16138.0,368,1,-7.95
16139.0,19,31,635.41
16140.0,53,37,703.77
16141.0,88,30,620.4
16142.0,250,37,535.34
16143.0,3,118,2419.84
16144.0,247,1,175.2
16145.0,9,237,3741.98
16146.0,157,29,734.13
16147.0,134,22,375.0
16148.0,296,1,76.32000000000001
16149.0,5,18,280.52
16150.0,39,136,1906.07
16152.0,269,29,1829.04
16153.0,50,89,1824.23
16156.0,9,139,3024.62
16157.0,16,19,644.24
16159.0,282,14,348.2
16160.0,64,22,1009.4499999999999
16161.0,2,502,5352.97
16162.0,252,2,37.4
16163.0,225,7,441.59999999999997
16164.0,17,35,802.53
16168.0,11,99,3770.6
16169.0,8,85,1822.97
16170.0,51,127,1880.4199999999998
16171.0,59,3,73.2
16172.0,95,69,1140.21
16173.0,16,87,1406.57
16174.0,126,23,1009.5500000000001
16175.0,94,58,1037.59
16177.0,50,15,331.95
16178.0,138,8,197.9
16179.0,61,11,215.83
16180.0,100,176,10217.48
16181.0,73,11,305.54
16182.0,72,28,6617.65
16183.0,67,15,338.71000000000004
16184.0,64,46,1155.54
16185.0,17,31,529.41
16186.0,23,219,3991.94
16187.0,32,297,6841.24
16188.0,45,67,981.86
16189.0,16,11,215.48
16190.0,40,6,215.08
16191.0,3,151,4913.32
16193.0,237,19,314.45
16198.0,75,15,400.68100000000004
16200.0,4,179,1080.6200000000001
16201.0,3,115,1821.52
16202.0,361,18,365.27
16203.0,59,36,589.15
16204.0,23,57,405.71
16205.0,31,98,761.38
16206.0,55,63,537.0600000000001
16207.0,25,19,394.38
16208.0,45,66,664.26
16209.0,89,46,2262.62
16210.0,2,123,21086.3
16211.0,81,24,542.77
16212.0,19,43,681.19
16213.0,79,6,159.0
16214.0,171,44,1062.75
16215.0,81,14,242.35
16216.0,267,37,914.9300000000001
16217.0,235,19,259.39000000000004
16218.0,30,90,3054.87
16221.0,37,97,864.86
16222.0,318,137,846.72
16224.0,57,96,1295.3
16225.0,45,134,1096.32
16226.0,203,8,255.12
16227.0,219,7,308.32000000000005
16229.0,87,47,1010.6
16230.0,190,35,542.03
16232.0,33,38,983.23
16233.0,71,25,422.13
16235.0,41,48,858.41
16236.0,78,20,432.2
16239.0,57,21,372.9
16240.0,8,142,3693.81
16241.0,10,662,2607.87
16242.0,8,295,3598.26
16243.0,34,51,409.1
16244.0,212,91,1522.75
16245.0,24,93,1352.3600000000001
16247.0,170,16,114.56
16248.0,62,7,152.94
16249.0,53,69,1800.07
16250.0,261,24,389.44
16252.0,366,21,-295.09
16253.0,32,124,3665.62
16255.0,17,274,2609.3
16256.0,258,14,732.63
16257.0,177,2,46.95
16258.0,45,135,5203.51
16260.0,51,18,1035.45
16261.0,17,124,746.83
16262.0,361,3,-31.65
16265.0,9,260,5423.15
16266.0,74,61,861.89
16268.0,71,45,667.65
16270.0,353,54,1141.24
16271.0,3,134,1423.29
16272.0,117,25,411.7
16274.0,373,67,357.95
16275.0,197,33,559.87
16276.0,177,6,810.6000000000001
16278.0,23,25,537.83
16279.0,21,109,1496.68
16281.0,72,17,2062.06
16282.0,340,11,168.3
16283.0,6,168,1531.51
16284.0,31,109,823.97
16287.0,170,8,142.5
16292.0,117,19,280.9
16293.0,9,120,2236.7400000000002
16295.0,10,79,1328.55
16297.0,213,23,275.4
16298.0,23,27,598.2
16302.0,108,12,212.82
16303.0,26,167,5305.83
16305.0,139,22,361.21999999999997
16306.0,214,44,602.27
16308.0,38,4,2560.0
16309.0,92,44,686.67
16311.0,18,37,616.26
16313.0,3,16,274.15000000000003
16315.0,331,14,226.37
16316.0,64,156,2755.56
16317.0,120,69,1341.65
16318.0,35,19,328.15
16319.0,218,3,404.40000000000003
16320.0,172,56,1038.46
16321.0,72,16,230.70000000000002
16322.0,1,37,326.75
16323.0,196,1,207.50000000000003
16324.0,128,118,428.68
16325.0,44,20,510.54
16326.0,6,320,3085.96
16327.0,14,319,3844.22
16330.0,18,41,242.21
16332.0,28,154,1583.2
16333.0,8,45,26626.8
16337.0,37,10,151.05
16338.0,157,11,214.79999999999998
16339.0,284,20,109.95
16340.0,107,153,549.07
16341.0,25,84,1959.38
16342.0,75,15,322.41
16343.0,16,47,370.47999999999996
16344.0,158,2,101.10000000000001
16345.0,44,38,575.41
16347.0,11,92,887.65
16348.0,32,235,1469.45
16349.0,291,9,53.5
16350.0,21,60,1100.47
16351.0,333,8,153.9
16352.0,18,28,494.44
16353.0,4,94,6675.71
16354.0,63,39,395.8
16356.0,198,32,210.32000000000002
16357.0,33,34,658.88
16358.0,1,110,2024.95
16359.0,7,70,1460.3700000000001
16360.0,5,671,3411.69
16361.0,10,106,896.66
16362.0,32,90,652.07
16363.0,53,5,109.36000000000001
16364.0,12,53,707.04
16365.0,18,51,1540.42
16366.0,19,18,327.3
16367.0,37,130,804.49
16368.0,2,76,497.43
16369.0,18,118,1553.66
16370.0,82,228,1320.56
16372.0,33,97,367.93
16374.0,66,111,473.03000000000003
16376.0,9,128,977.52
16377.0,267,5,676.2
16378.0,247,23,362.95
16379.0,4,109,2131.9
16380.0,61,32,1780.59
16383.0,75,102,668.36
16384.0,90,33,584.5
16385.0,60,59,555.89
16386.0,29,88,317.2
16387.0,323,4,94.36
16389.0,53,35,1362.27
16392.0,270,45,221.19
16393.0,2,358,2941.05
16394.0,50,100,1412.06
16395.0,61,210,1486.9
16398.0,145,86,1631.15
16399.0,19,73,408.57
16400.0,95,29,303.93
16401.0,1,198,4061.24
16402.0,265,60,299.6
16403.0,302,15,161.04999999999998
16404.0,70,23,443.05
16405.0,302,5,167.25
16406.0,19,63,163.07
16407.0,13,172,2126.93
16409.0,36,232,2028.88
16411.0,19,45,214.65
16412.0,54,35,151.83
16413.0,57,31,262.2
16414.0,22,7,126.25
16415.0,44,54,210.35
16416.0,27,73,1026.99
16418.0,45,102,675.27
16419.0,113,52,959.48
16422.0,17,399,33805.69
16423.0,25,18,346.12
16424.0,191,6,82.56
16425.0,302,21,302.7
16426.0,2,372,1908.25
16427.0,263,9,241.06
16428.0,81,1,-2.95
16429.0,106,2,284.55
16430.0,57,6,300.85
16431.0,213,83,642.81
16432.0,64,8,287.4
16433.0,28,17,184.26
16434.0,29,109,1522.25
16438.0,6,132,798.35
16440.0,8,282,3640.67
16441.0,67,24,381.2
16442.0,2,174,616.79
16444.0,46,86,638.77
16445.0,34,63,230.51
16446.0,1,4,2.8999999999941792
16447.0,136,36,259.01
16448.0,198,20,188.89000000000001
16449.0,191,43,674.69
16450.0,150,11,311.92
16451.0,88,14,266.97
16454.0,45,3,-8.15
16455.0,64,99,1841.18
16456.0,99,111,2158.37
16457.0,218,9,208.36
16458.0,3,202,3482.7400000000002
16460.0,28,135,814.72
16461.0,178,33,151.42
16462.0,64,4,102.0
16463.0,21,85,1383.7
16464.0,20,236,1314.68
16466.0,34,148,1603.46
16468.0,74,2,74.9
16469.0,24,182,650.43
16470.0,52,171,757.44
16471.0,275,13,223.95000000000002
16473.0,165,19,314.86
16474.0,7,368,1811.47
16475.0,88,28,544.3
16477.0,64,146,2494.46
16478.0,25,17,331.0
16479.0,10,35,300.83
16480.0,76,53,769.29
16482.0,16,18,220.62
16483.0,192,19,139.35
16484.0,174,26,379.4
16485.0,77,42,363.65
16488.0,33,31,492.2
16491.0,47,39,731.5
16493.0,73,62,1329.66
16494.0,297,50,826.53
16495.0,3,97,684.41
16496.0,9,97,1562.22
16497.0,50,136,2965.69
16498.0,161,16,86.12
16499.0,360,22,319.1
16500.0,5,11,400.86
16503.0,107,86,1421.43
16504.0,25,86,484.38
16505.0,32,4,777.6
16506.0,20,3,90.30000000000001
16509.0,297,13,363.7
16510.0,372,13,248.1
16511.0,22,169,950.26
16513.0,5,35,874.59
16515.0,52,113,1627.13
16516.0,30,6,101.69999999999999
16517.0,277,17,162.7
16518.0,61,42,480.92
16519.0,25,13,215.07999999999998
16520.0,186,157,1036.6200000000001
16523.0,2,298,9295.67
16525.0,2,200,11895.57
16526.0,172,15,290.36
16527.0,81,14,228.06
16528.0,4,17,244.41
16529.0,190,30,455.25
16531.0,22,77,1244.59
16532.0,18,4,6748.8
16533.0,19,181,1026.94
16535.0,5,31,593.75
16536.0,107,56,539.02
16539.0,3,45,1388.81
16542.0,54,5,119.62
16545.0,165,3,339.3
16546.0,291,31,-95.93
16549.0,10,981,4154.64
16550.0,109,261,2266.25
16551.0,96,32,922.12
16552.0,243,17,379.73
16553.0,163,86,5664.57
16554.0,3,74,641.55
16555.0,35,17,285.89
16556.0,67,207,3313.79
16557.0,24,11,281.85
16558.0,1,474,8257.04
16560.0,21,58,816.51
16561.0,6,31,511.12
16563.0,54,19,1077.74
16565.0,364,3,173.7
16566.0,15,19,614.01
16567.0,194,35,865.6
16569.0,3,5,124.2
16570.0,9,133,3622.95
16571.0,3,106,1285.22
16572.0,127,58,999.7
16573.0,74,46,648.41
16574.0,71,28,451.44
16579.0,365,1,-30.599999999999998
16581.0,155,11,70.44
16582.0,113,6,313.62
16583.0,374,14,233.45
16584.0,80,31,908.03
16586.0,249,8,463.95
16587.0,232,13,225.15
16589.0,71,33,459.24
16591.0,69,10,213.5
16592.0,4,222,4073.28
16593.0,51,27,330.03
16594.0,75,53,181.09
16595.0,61,85,360.16
16596.0,16,12,250.15
16597.0,4,7,90.04
16598.0,277,11,140.7
16600.0,4,62,813.52
16601.0,41,31,244.79999999999998
16602.0,31,32,494.72999999999996
16603.0,75,34,482.47
16607.0,18,174,3038.67
16609.0,15,280,5450.96
16610.0,219,6,75.66
16611.0,186,11,120.99000000000001
16612.0,33,66,1187.66
16613.0,70,30,618.59
16614.0,183,26,506.19
16616.0,15,33,500.42
16617.0,236,5,151.85
16618.0,31,97,2630.64
16619.0,254,16,204.41
16620.0,4,9,178.96
16621.0,52,29,813.48
16623.0,246,5,129.45
16624.0,81,48,810.5699999999999
16625.0,275,23,333.08
16626.0,1,184,4379.65
16627.0,79,20,322.8
16628.0,30,119,2183.04
16629.0,74,64,417.73
16633.0,17,153,2878.15
16634.0,223,9,217.9
16637.0,32,72,1124.59
16638.0,23,95,1676.47
16639.0,25,52,1169.38
16641.0,106,12,231.10000000000002
16642.0,5,35,679.83
16643.0,246,27,487.51
16644.0,178,62,833.78
16647.0,170,14,214.06
16648.0,39,21,270.85999999999996
16650.0,72,24,518.42
16652.0,54,123,6654.26
16653.0,16,76,1166.92
16654.0,141,31,594.97
16655.0,18,261,3794.52
16656.0,22,80,8568.24
16657.0,10,208,933.62
16658.0,368,8,123.24
16659.0,189,2,39.12
16660.0,16,17,810.4499999999999
16665.0,362,9,135.39999999999998
16666.0,19,32,118.98
16667.0,68,53,570.13
16668.0,15,20,306.71999999999997
16669.0,24,161,1370.8700000000001
16670.0,17,262,4022.46
16671.0,28,6,1692.27
16672.0,2,117,8093.59
16674.0,55,98,319.61
16676.0,34,92,1558.72
16678.0,3,170,3013.83
16679.0,366,3,129.75
16680.0,43,10,183.7
16681.0,73,44,1770.34
16682.0,5,30,1028.0
16684.0,4,281,65892.08
16685.0,61,62,324.24
16686.0,47,588,3043.48
16688.0,1,62,1260.86
16689.0,76,16,303.26
16690.0,44,13,208.63
16692.0,256,3,1276.0
16693.0,69,60,482.01
16696.0,135,10,657.9000000000001
16697.0,241,21,112.75
16698.0,227,5,1998.0
16700.0,9,312,5040.0
16701.0,9,154,5150.2699999999995
16705.0,1,284,13946.130000000001
16706.0,37,123,531.35
16708.0,46,27,656.63
16709.0,85,79,3029.87
16710.0,19,402,2483.04
16711.0,3,22,1651.03
16712.0,9,447,3645.43
16713.0,19,632,6840.2300000000005
16714.0,219,94,911.53
16715.0,78,19,301.71999999999997
16716.0,267,3,319.8000000000001
16717.0,9,236,3278.36
16718.0,369,45,623.75
16719.0,15,203,1773.92
16720.0,26,27,155.24
16721.0,262,37,292.47
16722.0,17,228,4711.21
16723.0,91,43,589.15
16725.0,302,152,775.07
16726.0,26,185,1382.02
16727.0,364,46,272.82
16728.0,46,269,1054.67
16729.0,36,668,7076.28
16730.0,52,84,702.79
16732.0,32,28,603.75
16734.0,52,53,650.51
16735.0,79,128,2269.21
16737.0,53,1,417.59999999999997
16738.0,298,1,3.75
16739.0,172,16,312.55
16742.0,47,4,0.0
16743.0,29,193,2191.84
16744.0,11,242,1304.76
16745.0,87,358,7170.7
16746.0,5,452,6694.31
16747.0,25,45,826.96
16748.0,18,69,1515.9
16750.0,45,95,623.93
16751.0,31,25,1764.72
16752.0,373,9,207.5
16753.0,58,34,223.92000000000002
16754.0,372,2,2002.4
16755.0,114,176,1484.63
16756.0,215,13,239.4
16757.0,319,7,106.83000000000001
16758.0,65,22,369.34000000000003
16759.0,8,43,772.84
16761.0,97,13,316.62
16762.0,20,89,1501.38
16763.0,185,24,594.9
16764.0,4,718,2758.25
16765.0,294,1,34.0
16766.0,273,34,1145.6
16767.0,31,222,5580.6
16768.0,48,58,458.04
16769.0,260,40,380.39
16770.0,58,146,744.9
16771.0,33,255,2246.81
16773.0,57,26,171.59
16774.0,68,49,654.92
16775.0,10,158,1695.66
16776.0,60,76,388.28
16777.0,80,50,226.35
16778.0,74,16,245.94
16779.0,2,344,10454.05
16780.0,100,60,425.19
16781.0,365,19,294.65
16782.0,10,197,2242.25
16784.0,20,3,107.6
16788.0,123,155,597.48
16789.0,8,5,80.8
16790.0,4,95,1520.1200000000001
16791.0,29,322,1706.28
16792.0,282,12,110.38000000000001
16793.0,57,16,243.84
16794.0,1,287,1201.51
16795.0,365,66,414.88
16796.0,89,18,305.62
16800.0,11,164,1201.49
16801.0,163,121,867.83
16803.0,65,24,332.3
16804.0,23,60,536.99
16805.0,174,98,460.59
16806.0,103,103,801.49
16807.0,143,67,1121.59
16808.0,99,23,288.42
16809.0,23,150,912.74
16810.0,192,16,275.64
16811.0,5,28,547.07
16812.0,361,15,479.35
16813.0,8,449,1692.98
16814.0,14,325,6500.6
16816.0,103,28,417.06
16817.0,3,95,1446.95
16818.0,11,191,3317.97
16820.0,96,26,497.61
16823.0,227,38,358.38
16824.0,16,26,460.64
16825.0,39,28,775.1800000000001
16826.0,51,22,341.7
16828.0,93,8,128.5
16829.0,157,11,197.22
16830.0,39,23,325.91
16832.0,184,12,199.15
16833.0,1,47,1106.53
16834.0,228,24,413.46
16835.0,128,10,180.85
16836.0,40,11,251.87
16837.0,31,166,3167.73
16838.0,197,26,582.9
16839.0,9,298,15357.78
16841.0,37,117,1774.62
16842.0,64,64,1260.44
16843.0,43,379,10183.82
16846.0,50,11,214.32
16847.0,43,12,193.44
16848.0,53,14,281.42
16849.0,187,8,124.57
16850.0,334,19,332.41
16851.0,4,20,342.45
16852.0,10,9,144.91000000000003
16855.0,24,19,328.4
16856.0,15,2,35.400000000000006
16858.0,366,13,345.89000000000004
16859.0,106,72,473.14
16861.0,60,8,151.65
16863.0,29,28,481.35
16866.0,141,11,207.73999999999998
16869.0,23,129,805.62
16871.0,22,139,2761.4900000000002
16872.0,77,7,680.02
16873.0,5,289,7066.31
16875.0,64,123,2023.47
16877.0,12,159,853.72
16878.0,25,6,0.0
16880.0,31,178,1519.08
16881.0,67,1,432.0
16882.0,67,39,705.12
16883.0,187,38,276.73
16884.0,38,26,429.84000000000003
16885.0,15,101,471.51
16887.0,35,37,194.88
16889.0,195,135,1578.67
16891.0,2,203,809.7
16892.0,1,101,496.84000000000003
16893.0,367,45,145.93
16895.0,65,69,219.14
16897.0,299,44,213.03
16898.0,26,163,444.46
16899.0,8,125,1281.56
16900.0,12,82,187.6900000000001
16902.0,116,44,1706.88
16903.0,29,60,373.24
16904.0,4,710,3754.27
16905.0,5,209,3085.48
16906.0,82,93,579.77
16907.0,29,151,981.65
16909.0,64,19,364.14
16910.0,4,547,1510.06
16912.0,23,105,2528.67
16913.0,290,8,113.44
16914.0,36,38,208.46
16915.0,9,57,621.6800000000001
16916.0,24,143,576.26
16917.0,277,9,391.52
16918.0,50,130,1043.34
16919.0,156,327,2596.45
16921.0,61,60,169.79
16923.0,12,696,6666.83
16924.0,21,89,739.5
16926.0,371,14,230.25
16927.0,116,6,543.05
16928.0,80,213,2781.5
16929.0,4,77,1295.39
16930.0,26,54,380.55
16931.0,5,898,4604.22
16932.0,53,53,161.94
16933.0,1,49,530.08
16934.0,55,62,950.9300000000001
16936.0,26,57,262.68
16938.0,9,242,1903.13
16940.0,52,305,3049.88
16942.0,13,283,1894.11
16943.0,212,33,816.73
16945.0,22,249,4345.5
16947.0,236,21,406.48
16948.0,139,19,435.02
16949.0,4,61,1161.27
16950.0,57,42,1178.56
16951.0,123,87,1262.75
16952.0,109,16,167.61
16953.0,30,1,20.8
16954.0,1,54,2085.08
16955.0,185,26,493.67
16956.0,9,18,292.34
16957.0,239,16,416.64
16959.0,87,7,117.35000000000001
16960.0,39,101,507.05
16961.0,116,14,234.17
16963.0,187,7,110.55000000000001
16965.0,227,26,201.19
16966.0,8,31,2148.47
16967.0,189,21,319.02
16968.0,4,31,439.43
16969.0,39,42,650.41
16971.0,3,42,232.20999999999998
16976.0,267,2,251.51999999999998
16978.0,78,39,344.33
16979.0,4,91,1809.05
16980.0,255,87,1078.96
16982.0,61,22,384.06
16983.0,13,149,1920.2
16984.0,78,418,4392.42
16985.0,17,121,5461.62
16986.0,30,3,1873.2
16987.0,3,129,1625.05
16988.0,5,7,126.12
16989.0,7,12,1133.25
16990.0,219,1,179.0
16992.0,11,95,1601.8600000000001
16995.0,372,1,-1.25
16996.0,30,41,1427.46
16997.0,288,12,702.0
16998.0,150,6,287.02000000000004
16999.0,23,23,484.82
17001.0,1,169,3989.57
17002.0,73,50,1487.78
17004.0,46,44,1412.94
17006.0,5,44,781.78
17007.0,51,53,877.4300000000001
17010.0,17,12,185.46
17011.0,30,15,270.9
17014.0,8,75,565.58
17015.0,29,217,1842.56
17017.0,3,268,8574.11
17018.0,41,16,920.1
17019.0,11,234,1272.61
17022.0,31,7,71.0
17024.0,45,3,95.85
17025.0,61,9,357.77
17026.0,185,4,154.82999999999998
17027.0,79,155,848.59
17029.0,111,2,716.0
17030.0,64,11,146.87
17031.0,12,22,380.35
17033.0,86,28,1030.14
17034.0,16,32,734.5699999999999
17035.0,246,32,388.33
17037.0,78,77,1253.22
17038.0,30,22,112.4
17040.0,138,15,449.73
17041.0,27,71,1065.77
17042.0,3,98,1044.3799999999999
17043.0,32,102,1735.18
17044.0,9,10,897.4300000000001
17045.0,113,22,339.44
17046.0,157,22,642.02
17047.0,85,65,1100.9
17048.0,115,48,864.32
17049.0,3,322,5594.78
17050.0,96,316,3228.84
17051.0,194,43,247.14000000000001
17052.0,28,92,413.75
17053.0,129,14,496.38
17054.0,28,84,1353.83
17058.0,82,62,1179.89
17059.0,30,516,3095.04
17060.0,266,5,234.24
17061.0,74,101,5116.13
17062.0,314,71,534.47
17063.0,9,82,1421.59
17064.0,59,62,859.35
17065.0,143,1,-112.35
17068.0,12,297,4531.34
17069.0,28,154,2655.2200000000003
17070.0,114,64,312.14
17071.0,9,148,2385.48
17073.0,18,174,1446.09
17075.0,18,80,813.77
17076.0,36,25,841.0799999999999
17078.0,36,28,378.2
17079.0,78,2,118.80000000000001
17080.0,22,9,285.5
17081.0,25,64,290.16
17082.0,33,81,2003.85
17083.0,109,52,1405.78
17084.0,35,162,2949.75
17085.0,123,189,1555.05
17086.0,7,96,2050.08
17088.0,28,115,1991.01
17090.0,4,64,2041.8500000000001
17091.0,3,198,3802.81
17092.0,50,125,1777.78
17094.0,318,15,270.20000000000005
17095.0,22,77,1088.2
17096.0,9,52,992.6800000000001
17097.0,2,213,937.92
17100.0,18,65,971.74
17101.0,10,42,1621.73
17102.0,262,1,25.5
17105.0,159,90,665.78
17107.0,33,421,10380.43
17109.0,29,121,869.6800000000001
17110.0,165,12,163.29999999999998
17111.0,47,30,248.61
17114.0,6,135,747.22
17115.0,8,43,806.9000000000001
17117.0,288,9,116.19999999999999
17118.0,318,10,157.02
17119.0,3,38,593.61
17120.0,233,18,307.46
17122.0,119,7,138.32
17123.0,162,9,345.29999999999995
17124.0,185,32,298.89
17125.0,50,40,259.35
17126.0,152,262,991.85
17128.0,335,14,157.09
17131.0,5,134,2463.17
17133.0,16,27,4892.240000000001
17134.0,107,24,425.0
17135.0,16,52,1139.73
17138.0,276,24,380.5
17139.0,16,487,10585.57
17140.0,247,20,465.32
17142.0,239,15,579.0
17144.0,1,48,984.57
17146.0,106,35,749.78
17147.0,23,85,1679.64
17148.0,52,9,124.88
17152.0,195,16,1503.5
17153.0,24,14,213.78
17154.0,75,23,329.34
17155.0,18,20,251.70000000000002
17157.0,8,15,306.55
17158.0,32,67,1266.97
17159.0,22,102,1534.73
17160.0,31,229,3518.03
17162.0,29,105,1707.21
17163.0,22,5,293.1
17164.0,33,145,2466.4
17165.0,284,10,158.68
17166.0,39,14,189.49
17169.0,50,60,816.88
17171.0,289,16,224.91
17172.0,75,16,313.26
17173.0,5,87,3755.65
17174.0,218,4,59.9
17175.0,44,64,1430.94
17176.0,202,15,306.13
17179.0,178,80,711.79
17180.0,56,131,780.38
17181.0,57,23,239.92000000000002
17183.0,8,76,3286.9100000000003
17186.0,47,2,144.0
17187.0,227,10,203.95
17188.0,11,89,2275.58
17189.0,106,61,384.40000000000003
17190.0,59,20,249.74
17191.0,28,237,2095.13
17193.0,36,35,1674.46
17194.0,274,29,262.62
17197.0,30,29,1013.01
17198.0,24,96,692.22
17201.0,54,40,342.63
17203.0,36,152,3563.85
17204.0,169,67,1352.91
17205.0,54,13,384.08
17206.0,53,7,204.24
17211.0,27,213,2299.67
17212.0,253,4,226.85
17213.0,40,164,2741.08
17214.0,60,104,984.12
17217.0,234,9,113.5
17218.0,4,274,1960.72
17219.0,32,25,114.23
17220.0,24,472,3198.25
17221.0,7,63,335.13
17222.0,65,28,354.15
17223.0,310,49,426.79
17226.0,309,21,393.49
17227.0,19,47,939.32
17228.0,16,208,1906.09
17229.0,96,47,318.76
17230.0,264,73,3466.67
17231.0,12,546,3127.82
17232.0,3,36,421.52
17233.0,35,25,190.88
17234.0,183,14,149.89000000000001
17235.0,25,29,550.06
17236.0,13,105,916.13
17237.0,11,19,314.69
17238.0,3,566,3744.65
17239.0,313,16,379.95
17242.0,108,40,1135.04
17243.0,1,407,8628.55
17244.0,53,31,954.9
17245.0,205,9,171.45
17247.0,15,55,282.19
17248.0,120,69,318.65
17250.0,4,57,384.52
17251.0,363,39,283.28000000000003
17252.0,117,87,353.86
17253.0,18,18,178.26
17254.0,5,112,272.44
17255.0,41,78,298.41
17256.0,107,16,240.0
17259.0,148,124,603.37
17262.0,52,12,1253.3600000000001
17263.0,208,23,63.440000000000005
17265.0,139,127,562.9
17266.0,2,80,310.64
17267.0,127,38,317.62
17268.0,108,6,763.64
17272.0,42,116,2144.53
17274.0,35,27,111.97999999999999
17277.0,228,69,1065.3500000000001
17278.0,241,15,246.04
17279.0,58,9,187.82999999999998
17282.0,130,94,1703.41
17284.0,60,294,1641.68
17286.0,22,45,153.92
17287.0,26,124,1064.11
17288.0,9,142,1419.73
17289.0,32,112,936.16
17290.0,4,102,525.24
17291.0,308,1,550.8000000000001
17293.0,8,135,1875.1100000000001
17295.0,29,69,556.95
17297.0,17,51,131.78
17298.0,101,30,498.42
17299.0,12,57,669.11
17301.0,21,66,197.63
17302.0,15,81,1119.93
17303.0,361,53,250.04
17306.0,11,69,8600.73
17307.0,365,1,-152.64000000000001
17309.0,95,12,82.75
17311.0,78,55,1384.85
17312.0,139,14,644.3
17313.0,18,28,2288.13
17314.0,25,136,2514.76
17315.0,1,487,6204.46
17317.0,46,11,2524.02
17320.0,100,73,1200.6200000000001
17321.0,8,107,700.86
17323.0,15,204,908.99
17324.0,18,50,990.23
17325.0,280,6,96.8
17329.0,14,33,523.11
17330.0,23,6,363.9
17331.0,124,1,175.2
17333.0,86,28,494.25
17334.0,301,12,306.6
17337.0,151,548,1944.32
17338.0,17,757,6612.18
17339.0,94,9,243.36
17340.0,9,424,11891.18
17341.0,157,183,781.36
17343.0,355,17,193.64
17344.0,46,32,160.57
17345.0,15,87,537.74
17346.0,4,503,2611.58
17347.0,86,1,228.96
17348.0,15,215,1159.52
17349.0,179,9,110.75
17350.0,8,72,1256.19
17351.0,36,27,587.15
17353.0,129,8,1740.0
17354.0,51,16,1393.06
17356.0,312,19,178.22
17357.0,24,45,388.14
17358.0,303,59,365.85
17359.0,11,15,127.86
17360.0,17,132,585.79
17361.0,49,29,488.2
17362.0,239,35,312.23
17364.0,1,414,4455.73
17365.0,13,468,4801.56
17367.0,238,34,168.4
17368.0,23,128,1349.52
17370.0,73,33,446.18
17371.0,17,87,423.89
17372.0,41,253,1342.68
17373.0,40,57,646.92
17374.0,219,28,495.77
17375.0,190,71,372.5
17376.0,71,24,203.2
17377.0,24,419,3925.92
17379.0,11,83,404.66
17381.0,9,110,20272.43
17382.0,65,2,65.4
17383.0,4,51,199.29
17384.0,19,15,336.4
17385.0,15,47,261.11
17386.0,8,28,2686.42
17387.0,20,78,784.11
17388.0,78,15,1259.56
17389.0,1,224,31300.079999999998
17391.0,164,3,508.8
17392.0,307,62,457.91
17394.0,219,4,203.86999999999998
17396.0,39,27,7330.8
17397.0,22,92,696.41
17398.0,115,38,653.38
17400.0,126,213,2129.96
17402.0,5,59,2633.85
17403.0,36,33,281.62
17404.0,4,201,30300.82
17405.0,1,94,967.22
17406.0,330,116,1928.72
17408.0,163,2,32.65
17409.0,185,13,771.85
17410.0,16,64,1214.72
17411.0,12,43,748.94
17412.0,3,66,1258.06
17414.0,44,6,778.0
17415.0,80,14,507.84
17416.0,30,271,6838.34
17418.0,42,30,463.46000000000004
17419.0,11,208,4200.97
17420.0,50,30,598.83
17422.0,16,135,1853.1299999999999
17423.0,45,28,663.63
17425.0,19,43,759.17
17426.0,4,272,5022.26
17427.0,72,2,100.8
17428.0,1,343,17078.45
17429.0,121,42,512.12
17430.0,33,14,265.76
17431.0,313,43,403.3
17432.0,18,48,365.76
17433.0,88,54,303.15999999999997
17434.0,2,138,2333.42
17436.0,2,9,216.29999999999998
17438.0,247,19,378.3
17440.0,148,8,177.1
17442.0,29,140,2210.2599999999998
17443.0,220,1,534.24
17444.0,148,135,2940.04
17446.0,177,9,120.9
17447.0,40,36,541.53
17448.0,145,1,-4287.63
17449.0,2,279,2504.86
17450.0,8,351,187482.17
17451.0,1,107,1648.95
17453.0,18,19,486.71999999999997
17454.0,192,61,517.53
17455.0,204,8,131.7
17456.0,365,17,249.86
17457.0,127,19,1737.7
17458.0,15,54,316.5
17459.0,43,111,657.3
17460.0,79,37,452.63
17461.0,23,111,757.46
17462.0,51,28,662.94
17463.0,16,219,1881.36
17464.0,158,9,289.96000000000004
17466.0,10,41,763.28
17468.0,10,5,137.0
17469.0,16,90,1843.06
17470.0,45,78,1125.07
17472.0,191,181,710.29
17475.0,79,14,194.37
17480.0,74,31,506.51
17481.0,4,83,1249.34
17483.0,65,21,414.04
17486.0,261,24,396.87
17489.0,59,29,376.64
17490.0,1,86,1926.8799999999999
17491.0,1,110,3541.92
17492.0,248,12,374.57
17495.0,8,27,497.56
17496.0,359,10,271.05
17498.0,76,17,272.22
17499.0,290,40,622.88
17500.0,17,5,1138.0
17501.0,221,18,288.6
17502.0,9,28,689.1
17503.0,3,38,558.96
17504.0,206,140,2745.2799999999997
17505.0,162,52,1145.84
17506.0,70,16,294.29
17507.0,262,88,605.58
17508.0,281,22,387.31
17509.0,58,369,6100.74
17510.0,25,20,308.48
17511.0,3,1076,88125.38
17512.0,29,106,2920.04
17513.0,72,6,513.2
17514.0,128,40,208.65
17515.0,31,87,639.02
17516.0,15,137,768.08
17517.0,309,11,153.94
17519.0,17,83,1839.07
17520.0,54,30,546.81
17521.0,24,46,721.9599999999999
17522.0,2,73,1070.71
17523.0,11,33,652.74
17524.0,361,6,145.0
17525.0,360,9,422.70000000000005
17526.0,1,23,706.7
17527.0,54,49,888.86
17528.0,1,260,3540.1
17530.0,1,394,2385.0
17531.0,121,15,293.45
17534.0,54,9,223.36
17535.0,280,13,164.4
17536.0,177,3,76.5
17537.0,30,75,897.62
17538.0,26,9,98.42
17540.0,9,26,570.4
17542.0,270,25,170.75
17545.0,43,145,645.96
17547.0,372,2,-11.8
17548.0,218,17,-141.48
17549.0,24,6,148.86
17550.0,197,42,267.16
17551.0,359,43,306.84
17552.0,43,51,909.96
17553.0,130,2,1487.6
17554.0,1,88,1952.45
17555.0,20,106,483.26
17556.0,206,6,157.9
17557.0,14,34,541.46
17560.0,95,27,854.95
17561.0,19,46,167.62
17562.0,14,64,1107.38
17564.0,24,49,454.01
17566.0,8,152,901.21
17567.0,7,177,4012.56
17569.0,332,29,344.14
17571.0,50,299,1498.51
17572.0,71,12,226.75000000000003
17573.0,29,26,362.9
17574.0,243,8,185.65
17576.0,8,417,3457.78
17578.0,191,6,124.74
17579.0,5,52,440.2
17580.0,253,45,215.72
17581.0,1,452,10736.11
17582.0,236,29,175.27
17584.0,7,36,1227.3
17585.0,109,214,1133.07
17588.0,100,23,1240.2
17589.0,60,253,2404.17
17590.0,2,201,1479.22
17591.0,73,167,2215.02
17593.0,4,215,3911.56
17594.0,85,50,993.18
17595.0,12,83,388.79
17596.0,23,270,2827.93
17597.0,214,55,2044.3700000000001
17600.0,18,13,161.67000000000002
17601.0,239,9,116.00999999999999
17602.0,2,565,5050.77
17603.0,50,15,-1165.3
17604.0,217,63,309.36
17608.0,33,59,193.42
17609.0,41,238,1103.92
17611.0,4,582,3947.87
17612.0,53,142,1992.76
17613.0,23,319,4509.37
17614.0,57,100,390.07
17615.0,130,14,329.6
17616.0,174,3,571.1999999999999
17618.0,6,78,971.58
17619.0,312,77,218.52
17620.0,60,4,81.44
17621.0,21,27,1336.1
17623.0,33,33,527.0500000000001
17624.0,15,50,843.48
17625.0,18,315,2047.0
17628.0,81,5,75.75
17629.0,6,124,1784.12
17630.0,170,26,503.59999999999997
17631.0,2,39,528.33
17633.0,31,72,1242.34
17634.0,36,297,2361.9700000000003
17636.0,9,24,265.93
17637.0,31,35,547.0600000000001
17639.0,276,7,108.5
17640.0,87,5,621.66
17642.0,120,40,712.29
17643.0,373,8,101.55
17644.0,1,169,2768.98
17646.0,219,54,995.6600000000001
17647.0,65,7,133.06
17648.0,61,92,1789.55
17649.0,135,53,861.74
17650.0,21,8,166.08
17651.0,12,239,3886.67
17652.0,25,270,4737.13
17653.0,29,50,1175.88
17654.0,277,22,117.55
17655.0,11,93,2571.7400000000002
17656.0,73,82,1674.69
17658.0,11,23,485.88
17659.0,4,161,2954.75
17660.0,141,45,196.0
17663.0,26,90,1788.27
17664.0,19,43,604.64
17666.0,4,18,728.16
17667.0,66,117,2055.51
17668.0,1,15,347.75
17669.0,43,68,3406.7200000000003
17670.0,228,11,205.7
17671.0,16,61,1284.08
17672.0,44,115,3106.62
17673.0,1,228,1622.22
17674.0,74,27,551.04
17675.0,1,721,20098.1
17676.0,4,79,1383.27
17677.0,2,321,16219.22
17678.0,264,16,298.11
17679.0,53,30,1992.1100000000001
17680.0,24,11,184.4
17682.0,10,119,2459.33
17684.0,44,15,239.41
17685.0,17,130,3191.53
17686.0,7,286,5739.46
17690.0,30,258,4748.45
17691.0,358,19,290.40000000000003
17692.0,127,47,733.4399999999999
17693.0,136,18,187.02
17694.0,142,15,283.12
17695.0,132,35,765.34
17696.0,38,126,2201.05
17697.0,236,19,338.95
17698.0,261,8,154.95
17700.0,17,146,2508.89
17701.0,253,24,417.95
17702.0,30,80,1719.72
17703.0,35,55,798.74
17704.0,169,31,885.19
17705.0,3,108,1781.12
17706.0,4,395,10097.37
17707.0,185,5,152.4
17708.0,188,35,267.08
17709.0,170,7,137.45
17711.0,11,23,385.1
17712.0,45,29,522.91
17714.0,321,10,153.0
17715.0,201,1,326.4
17716.0,23,254,5505.79
17718.0,232,6,139.35
17719.0,38,278,5367.8
17720.0,26,50,1195.94
17722.0,96,120,2380.64
17723.0,127,10,3276.4000000000005
17724.0,58,45,995.6500000000001
17725.0,16,198,3371.13
17727.0,9,67,1042.55
17728.0,4,169,2515.68
17730.0,3,220,5288.83
17731.0,79,83,878.2
17732.0,373,18,303.97
17733.0,39,35,692.19
17734.0,54,43,700.63
17735.0,2,690,13110.02
17736.0,9,26,337.49
17737.0,9,10,168.24
17738.0,19,99,1863.35
17739.0,12,48,2786.05
17742.0,113,15,355.11
17744.0,4,137,2291.08
17746.0,235,8,98.8
17747.0,100,2,64.65
17749.0,178,35,674.52
17750.0,5,193,1797.57
17752.0,359,1,80.64
17754.0,1,93,1739.92
17757.0,1,742,5585.49
17758.0,19,412,3456.7000000000003
17759.0,17,95,834.99
17760.0,22,25,287.59
17761.0,33,19,712.78
17763.0,263,1,15.0
17764.0,51,75,818.8199999999999
17765.0,159,57,371.88
17767.0,15,21,271.2
17768.0,8,105,2273.1800000000003
17769.0,13,313,3960.63
17770.0,199,38,1143.27
17771.0,57,54,245.81
17772.0,11,53,182.77
17774.0,97,157,1215.46
17775.0,255,3,56.4
17777.0,25,194,665.86
17779.0,21,84,642.17
17781.0,159,12,188.02
17783.0,72,67,283.47
17785.0,53,13,131.94
17786.0,85,72,278.74
17787.0,153,134,1865.19
17788.0,74,5,1117.9
17789.0,281,14,225.9
17790.0,27,190,1965.55
17791.0,30,10,106.1
17793.0,25,58,323.04
17795.0,180,46,350.39
17796.0,40,82,697.9
17797.0,22,111,780.43
17799.0,22,410,3026.08
17800.0,37,104,1199.01
17802.0,82,147,1251.84
17805.0,74,10,512.31
17806.0,11,43,546.04
17809.0,16,64,4627.62
17811.0,4,872,7677.71
17812.0,13,141,732.16
17813.0,14,378,1714.6
17816.0,37,17,36.56
17817.0,4,33,387.68
17819.0,72,49,3661.0699999999997
17820.0,191,5,-24.05
17824.0,51,13,298.4
17827.0,5,220,1995.46
17828.0,9,82,1599.97
17829.0,299,30,889.24
17830.0,2,23,398.7
17831.0,33,2,35.400000000000006
17832.0,50,61,155.37
17835.0,3,61,350.64
17836.0,47,24,110.21000000000001
17837.0,42,172,1560.53
17838.0,27,137,2312.7
17839.0,42,56,338.8
17841.0,2,7983,40340.78
17843.0,303,37,205.48
17844.0,107,5,51.559999999999995
17846.0,85,1,2033.1
17848.0,81,51,901.1999999999999
17849.0,218,26,605.8000000000001
17850.0,302,312,5288.63
17852.0,12,24,114.34
17854.0,185,15,311.26
17855.0,373,17,208.97
17856.0,2,17,1393.79
17857.0,3,56,26763.34
17858.0,6,199,5155.66
17859.0,305,25,148.21
17860.0,369,58,252.8
17861.0,3,223,2059.2
17862.0,324,11,330.9
17863.0,59,148,3160.0
17864.0,13,102,597.5
17865.0,31,389,10158.54
17866.0,143,10,325.7
17867.0,30,81,622.75
17869.0,107,40,428.18
17870.0,2,280,1889.4
17871.0,205,10,155.9
17873.0,80,46,1764.3600000000001
17874.0,185,47,658.26
17877.0,170,12,237.61
17878.0,44,26,379.45
17879.0,174,6,178.51999999999998
17880.0,365,26,458.92
17881.0,304,8,133.35000000000002
17883.0,3,145,671.77
17884.0,4,117,717.45
17885.0,12,64,190.19
17886.0,32,109,899.61
17887.0,129,10,111.35
17888.0,19,81,525.78
17889.0,212,21,203.87
17890.0,323,94,602.09
17891.0,162,34,203.85999999999999
17892.0,56,28,244.1
17893.0,225,16,112.25
17894.0,72,193,1119.81
17895.0,44,16,98.0
17896.0,23,2,256.32
17897.0,173,115,541.1
17898.0,85,28,152.06
17899.0,159,32,155.8
17900.0,165,11,15.0
17901.0,29,19,110.38
17904.0,21,39,178.92
17905.0,71,34,800.24
17906.0,247,12,72.9
17908.0,374,58,243.28
17911.0,9,39,366.23
17912.0,310,40,295.61
17913.0,59,59,411.6
17914.0,4,80,336.43
17917.0,45,94,341.28
17919.0,88,23,1304.04
17920.0,4,696,4204.1
17921.0,64,145,826.52
17923.0,282,1,207.50000000000003
17924.0,1,38,2894.33
17925.0,373,1,244.08
17926.0,133,21,397.29
17928.0,45,23,212.54
17929.0,11,6,834.5
17930.0,36,39,1740.48
17931.0,134,65,408.36
17932.0,29,90,1331.57
17934.0,52,21,704.25
17935.0,138,29,145.79
17936.0,5,77,389.84
17937.0,9,43,4301.22
17939.0,160,12,99.14
17940.0,49,23,1983.5800000000002
17941.0,131,2,304.56
17942.0,8,2,77.50000000000001
17946.0,233,20,149.57999999999998
17947.0,37,9,176.68
17948.0,147,1,358.56000000000006
17949.0,1,79,52750.84
17950.0,72,72,472.12
17951.0,40,21,990.8400000000001
17954.0,5,489,2295.37
17955.0,199,19,557.3
17956.0,249,1,12.75
17957.0,66,31,111.68
17958.0,117,7,508.4599999999999
17960.0,171,26,73.78
17961.0,21,249,1296.44
17962.0,142,35,102.83
17964.0,32,104,471.7
17965.0,38,329,2622.57
17966.0,38,68,1098.43
17967.0,372,48,123.07
17968.0,374,85,277.35
17969.0,166,14,228.2
17970.0,211,31,582.59
17972.0,242,31,136.04
17973.0,52,15,337.04
17974.0,25,179,740.79
17975.0,15,297,4393.61
17976.0,372,65,353.19
17977.0,29,21,288.14
17978.0,365,12,300.91999999999996
17979.0,36,147,737.81
17980.0,166,30,811.45
17984.0,145,48,152.68
17985.0,22,23,634.95
17986.0,56,1,20.8
17987.0,185,13,198.57
17988.0,12,39,191.17000000000002
17990.0,237,29,630.84
17991.0,225,5,93.35
17994.0,122,84,629.6899999999999
17995.0,282,2,76.1
17997.0,74,180,1511.3
17999.0,37,93,382.06
18001.0,12,58,417.23
18004.0,362,40,169.47
18005.0,4,60,249.72
18006.0,23,22,444.68
18008.0,70,30,2116.19
18009.0,235,33,252.24
18010.0,257,14,174.8
18011.0,373,28,102.78999999999999
18013.0,155,31,187.29
18014.0,28,32,166.42
18015.0,4,46,120.03
18016.0,32,123,1483.56
18017.0,81,3,523.0
18018.0,108,29,122.14
18019.0,52,5,38.45
18022.0,36,191,668.11
18024.0,153,22,236.77999999999997
18027.0,99,21,115.31
18030.0,4,10,220.7
18032.0,334,5,73.5
18033.0,65,34,97.97
18034.0,22,112,422.88
18035.0,36,53,730.4
18036.0,32,96,405.62
18037.0,154,19,70.02
18040.0,19,19,357.20000000000005
18041.0,12,474,4161.14
18042.0,54,7,165.04999999999998
18043.0,25,121,559.51
18044.0,4,128,2085.65
18045.0,45,47,189.4
18048.0,203,7,172.29000000000002
18050.0,359,5,74.4
18053.0,66,21,297.07
18055.0,7,363,6752.14
18056.0,288,19,363.65
18058.0,10,3,170.16
18059.0,9,21,296.71
18061.0,22,46,2119.41
18062.0,173,27,720.52
18064.0,133,7,814.0
18065.0,6,138,2380.08
18066.0,75,10,318.0
18067.0,40,37,396.33
18068.0,289,1,101.69999999999999
18069.0,26,472,2021.82
18071.0,258,25,453.0
18072.0,155,36,-5.329070518200751e-15
18073.0,114,76,3864.44
18074.0,374,13,489.6
18075.0,23,153,2538.7200000000003
18077.0,8,227,2633.0099999999998
18078.0,217,29,336.13
18079.0,45,127,3651.97
18080.0,19,2,1231.5
18081.0,36,17,343.45
18082.0,26,73,703.37
18084.0,16,2,87.52999999999999
18085.0,330,29,689.95
18086.0,274,7,101.34
18087.0,98,7,3770.1199999999994
18088.0,61,39,167.67000000000002
18092.0,2,90,9065.76
18093.0,93,38,2083.42
18094.0,82,70,3017.3
18095.0,313,21,580.0500000000001
18096.0,12,213,911.15
18097.0,8,109,2692.85
18099.0,127,19,168.31
18101.0,11,41,223.65
18102.0,1,433,256438.49
18104.0,37,38,754.64
18105.0,38,18,113.48000000000002
18106.0,330,39,430.7
18108.0,249,19,264.65
18109.0,2,454,7925.32
18110.0,19,49,206.05
18112.0,12,26,352.69
18113.0,369,1,76.32000000000001
18114.0,290,28,220.1
18116.0,68,378,1418.03
18117.0,26,74,320.72
18118.0,11,1284,5595.77
18119.0,368,30,181.12
18120.0,214,17,111.15
18121.0,149,32,673.1
18122.0,8,364,1826.21
18123.0,24,36,589.4399999999999
18125.0,30,197,1141.34
18126.0,61,56,206.82999999999998
18127.0,19,47,348.73
18129.0,243,14,112.55000000000001
18130.0,9,71,1045.74
18133.0,211,2,715.4999999999999
18135.0,29,20,681.9100000000001
18136.0,63,39,761.83
18138.0,295,8,152.65
18139.0,17,162,8393.22
18141.0,361,1,-35.400000000000006
18142.0,151,18,1014.9
18143.0,117,61,1000.16
18144.0,8,43,2888.75
18145.0,13,221,2861.55
18146.0,141,10,160.35000000000002
18147.0,46,7,179.33999999999997
18149.0,51,16,612.0799999999999
18150.0,32,37,566.58
18151.0,135,38,653.35
18154.0,3,21,399.19
18155.0,75,28,347.82
18156.0,13,140,734.94
18158.0,9,35,451.75
18159.0,301,23,530.15
18160.0,57,39,638.0600000000001
18161.0,10,81,1612.79
18164.0,31,25,394.7
18165.0,177,10,302.46000000000004
18167.0,4,43,1355.51
18168.0,176,140,1133.64
18169.0,61,9,202.65
18170.0,33,38,980.31
18171.0,59,56,1208.51
18172.0,15,197,7490.17
18173.0,87,31,2106.84
18174.0,7,1,104.0
18176.0,354,33,448.65
18177.0,31,75,1314.17
18178.0,114,99,1573.41
18179.0,9,90,1793.17
18180.0,5,119,1843.75
18181.0,24,44,382.8
18183.0,218,44,600.52
18184.0,15,1,49.8
18185.0,249,17,304.25
18188.0,15,72,1998.49
18189.0,78,69,1084.34
18190.0,192,16,274.51
18191.0,262,7,207.79999999999998
18192.0,72,45,957.97
18193.0,151,18,212.96
18194.0,64,9,896.0
18196.0,95,141,689.13
18198.0,4,166,5083.06
18200.0,106,32,163.8
18202.0,200,68,1396.99
18203.0,157,19,160.42000000000002
18204.0,71,202,1979.3
18205.0,36,32,517.36
18209.0,29,8,139.10000000000002
18210.0,2,134,2621.38
18211.0,26,42,600.07
18212.0,326,43,248.42
18213.0,237,15,232.48000000000002
18215.0,89,13,299.34000000000003
18216.0,31,26,481.75
18217.0,29,31,621.75
18218.0,206,24,626.38
18219.0,3,115,2019.77
18220.0,220,4,297.78000000000003
18221.0,22,65,1033.31
18222.0,93,19,443.0
18223.0,2,299,6315.2300000000005
18224.0,264,10,158.95000000000002
18225.0,3,286,5361.02
18226.0,39,245,5192.1
18227.0,218,5,93.75
18228.0,50,32,769.2
18229.0,12,164,7276.900000000001
18230.0,9,89,2716.6000000000004
18231.0,192,126,2066.17
18232.0,82,40,582.47
18233.0,326,1,440.0
18235.0,72,104,1796.48
18236.0,30,49,882.24
18237.0,3,61,987.1
18239.0,219,88,1561.6100000000001
18240.0,46,6,422.58
18241.0,10,105,2058.09
18242.0,72,78,2232.4900000000002
18245.0,7,177,2507.56
18246.0,24,4,596.1
18248.0,114,49,783.02
18249.0,17,8,95.34
18250.0,301,22,342.92
18251.0,87,16,4314.72
18252.0,51,98,526.67
18255.0,89,6,103.3
18256.0,355,4,-50.1
18257.0,39,123,2265.38
18259.0,25,42,2338.6000000000004
18260.0,173,140,2595.0
18261.0,43,21,324.24
18262.0,140,13,149.48
18263.0,23,62,1211.08
18265.0,72,46,801.51
18268.0,134,2,0.0
18269.0,358,8,138.9
18270.0,38,13,238.95000000000002
18272.0,3,170,3064.78
18273.0,2,3,204.0
18274.0,18,22,1.7763568394002505e-15
18276.0,21,16,323.36
18277.0,58,9,97.63
18278.0,74,9,173.9
18280.0,278,10,180.60000000000002
18281.0,181,7,80.82
18282.0,8,13,176.6
18283.0,4,756,2094.88
18287.0,43,70,1837.28